scene,time,controllerLocationX,controllerLocationY,controllerLocationZ,controllerRotationX,controllerRotationY,controllerRotationZ,controllerRotationW,controllerRotationEulerX,controllerRotationEulerY,controllerRotationEulerZ
0,0,-1.139399,0.8905903,-0.439413,0.1453622,-0.9813468,-0.03932193,-0.1195081,353.5739,167.0244,343.8802
0,0.0129377,-1.13922,0.8909042,-0.4394463,0.1447369,-0.9814045,-0.03987694,-0.1196099,353.5178,167.0169,343.9594
0,0.0258754,-1.13934,0.8910789,-0.4394361,0.1456486,-0.9813114,-0.04000109,-0.1192246,353.498,167.0688,343.8529
0,0.0445651,-1.139455,0.8912191,-0.4394631,0.1459605,-0.9812846,-0.04024553,-0.1189812,353.4703,167.1025,343.8181
0,0.0579554,-1.139512,0.8913327,-0.4394956,0.1458514,-0.9812861,-0.0404497,-0.1190332,353.4478,167.0988,343.8333
0,0.0710175,-1.139674,0.8915631,-0.43967,0.1460934,-0.9812131,-0.04099133,-0.1191534,353.3815,167.0947,343.8122
0,0.1012244,-1.139721,0.8915547,-0.4397186,0.146234,-0.9812141,-0.04094313,-0.1189882,353.3878,167.1138,343.7943
0,0.1134898,-1.139791,0.8914244,-0.4399645,0.1464302,-0.9812336,-0.04084218,-0.1186209,353.4027,167.1558,343.7681
0,0.1247817,-1.13979,0.8913214,-0.440014,0.146283,-0.9812698,-0.04077298,-0.1185266,353.4139,167.1646,343.7837
0,0.1367901,-1.139718,0.8911955,-0.440038,0.1458419,-0.981319,-0.04065114,-0.1187054,353.4305,167.1394,343.8346
0,0.1477534,-1.139717,0.8910986,-0.4398984,0.1453724,-0.981329,-0.04059352,-0.1192167,353.4348,167.0767,343.8915
0,0.161579,-1.139575,0.8909917,-0.439858,0.1453592,-0.981254,-0.0403485,-0.1199309,353.4511,166.991,343.8949
0,0.1733256,-1.139458,0.8909081,-0.4398416,0.1458926,-0.9811103,-0.04010505,-0.1205398,353.4617,166.9209,343.8343
0,0.185834,-1.13941,0.8908093,-0.4397862,0.146496,-0.9809667,-0.03988218,-0.1210484,353.4706,166.8631,343.7653
0,0.198038,-1.139317,0.8907529,-0.4397411,0.1469677,-0.9808662,-0.03961625,-0.1213782,353.489,166.8244,343.7097
0,0.210399,-1.139047,0.890702,-0.4396855,0.1469581,-0.9808481,-0.03928717,-0.1216439,353.5219,166.7888,343.7087
0,0.2225273,-1.138781,0.8904188,-0.439423,0.1456303,-0.9810495,-0.03832766,-0.1219208,353.6436,166.7343,343.8529
0,0.248865,-1.138555,0.8902153,-0.439285,0.1451316,-0.9810282,-0.03775967,-0.1228612,353.6992,166.6147,343.9097
0,0.2601897,-1.138233,0.8900423,-0.439074,0.1448897,-0.9809393,-0.0370158,-0.1240761,353.7668,166.4626,343.9363
0,0.2714557,-1.137803,0.8897578,-0.4388167,0.145064,-0.9807487,-0.03574695,-0.1257407,353.8807,166.2537,343.9109
0,0.281504,-1.137307,0.8894032,-0.4384716,0.1454158,-0.9805291,-0.03422629,-0.1274585,354.0196,166.036,343.8617
0,0.2936446,-1.136627,0.8887848,-0.4380625,0.1458935,-0.9802614,-0.0315611,-0.1296398,354.2779,165.7485,343.7854
0,0.3067878,-1.135236,0.8876873,-0.4373721,0.1446439,-0.9799761,-0.02757603,-0.1340325,354.674,165.1776,343.9009
0,0.3180096,-1.134016,0.8867222,-0.4367408,0.1426308,-0.979789,-0.02426308,-0.1381354,355.0118,164.6468,344.1077
0,0.3360002,-1.132347,0.885339,-0.4358776,0.1400384,-0.979441,-0.01949802,-0.1438905,355.498,163.9033,344.3632
0,0.3473701,-1.130714,0.8841519,-0.435161,0.1381001,-0.97902,-0.01520617,-0.1490542,355.9319,163.239,344.5413
0,0.3585859,-1.128525,0.8820748,-0.4340562,0.1361859,-0.9782252,-0.007641442,-0.1564308,356.7004,162.2736,344.6634
0,0.368858,-1.126593,0.8799911,-0.4330022,0.1364417,-0.9771874,0.0005636662,-0.1627526,357.5177,161.4258,344.5087
0,0.3806271,-1.122118,0.8746951,-0.4308611,0.1465627,-0.9733334,0.02216362,-0.1750727,359.5317,159.6767,342.9576
0,0.4064388,-1.120484,0.8724681,-0.4300559,0.153541,-0.9712888,0.03101964,-0.1790565,0.3021229,159.0618,341.9782
0,0.4179595,-1.118394,0.8700927,-0.4293568,0.1589825,-0.9692531,0.0396113,-0.183587,1.05502,158.3743,341.1684
0,0.4295818,-1.116626,0.8678565,-0.4285811,0.1630506,-0.9676914,0.04631273,-0.1866629,1.648161,157.8815,340.5495
0,0.4413476,-1.114946,0.86576,-0.4278041,0.1644723,-0.9666002,0.05184638,-0.1895917,2.169982,157.4277,340.2535
0,0.4527723,-1.113592,0.8636249,-0.4270151,0.164216,-0.9656936,0.05686215,-0.1929659,2.662155,156.9341,340.1551
0,0.4638026,-1.11227,0.8618718,-0.4264161,0.1617986,-0.965573,0.059786,-0.1947196,3.006244,156.6764,340.3543
0,0.4750465,-1.111004,0.8600914,-0.4258431,0.159631,-0.9653947,0.06311549,-0.1963352,3.392767,156.426,340.5137
0,0.4854916,-1.1103,0.8580451,-0.4254678,0.1562822,-0.9655782,0.06602341,-0.1971693,3.777005,156.2795,340.8189
0,0.4959045,-1.109478,0.8562782,-0.4251997,0.15312,-0.9659243,0.06832442,-0.1971709,4.106511,156.2428,341.1205
0,0.5068315,-1.108791,0.8546003,-0.4250166,0.1498216,-0.9663385,0.07029679,-0.1969812,4.406775,156.2369,341.4464
0,0.5178851,-1.108421,0.8528665,-0.4252254,0.1477599,-0.9666187,0.07238336,-0.1964084,4.697305,156.2688,341.6303
0,0.5295812,-1.108181,0.8514764,-0.4253513,0.1462417,-0.9670659,0.07359494,-0.1948864,4.895651,156.4268,341.7794
0,0.541584,-1.10798,0.849076,-0.4257324,0.1439548,-0.9680696,0.07552774,-0.1908244,5.237942,156.8682,342.0112
0,0.5682665,-1.108114,0.8481812,-0.4259582,0.1417539,-0.9687004,0.07542888,-0.1893037,5.305541,157.0572,342.2721
0,0.5798137,-1.107987,0.8476278,-0.4261165,0.1393143,-0.9691844,0.07569575,-0.1885289,5.40509,157.154,342.5473
0,0.5923691,-1.10818,0.8468193,-0.4263146,0.1365837,-0.9697477,0.07633388,-0.1873702,5.558714,157.2897,342.8487
0,0.6034252,-1.108465,0.8459332,-0.4265522,0.1337269,-0.9703565,0.07757518,-0.1857621,5.789179,157.4671,343.1525
0,0.6144665,-1.108512,0.8451879,-0.4267026,0.1314351,-0.9709188,0.07908324,-0.1838135,6.041439,157.6766,343.3882
0,0.6254582,-1.108964,0.844335,-0.4270407,0.1301729,-0.9713867,0.08061768,-0.1815591,6.278064,157.9156,343.5085
0,0.636858,-1.109437,0.8435457,-0.427404,0.1300204,-0.9716932,0.08195283,-0.1794178,6.465798,158.1389,343.5073
0,0.6481596,-1.109633,0.8429735,-0.4277234,0.1298965,-0.9719961,0.08286512,-0.1774369,6.60318,158.3515,343.5125
0,0.6594619,-1.110154,0.8422357,-0.4281179,0.130243,-0.9722416,0.08359334,-0.1754861,6.709427,158.5612,343.4685
0,0.6708542,-1.110655,0.8413684,-0.4284589,0.128799,-0.9727193,0.08463495,-0.1733934,6.891312,158.7928,343.6229
0,0.6823111,-1.110848,0.8404711,-0.4287494,0.1262018,-0.9733437,0.08595386,-0.171135,7.13053,159.0467,343.9045
0,0.6941677,-1.112115,0.8379949,-0.4295492,0.118162,-0.9750473,0.08950853,-0.1652534,7.787346,159.7199,344.7857
0,0.718627,-1.112475,0.8369721,-0.4300533,0.1154831,-0.975621,0.09051042,-0.1632032,7.984969,159.96,345.0857
0,0.730218,-1.112975,0.8361121,-0.4304729,0.11333,-0.9761202,0.09064202,-0.1616472,8.066135,160.155,345.3416
0,0.7421101,-1.113381,0.8354977,-0.4306206,0.1124084,-0.976463,0.09106582,-0.1599731,8.156658,160.349,345.4513
0,0.755199,-1.113892,0.8345776,-0.4309661,0.1112946,-0.9767666,0.09217634,-0.1582533,8.328249,160.5378,345.5686
0,0.767058,-1.114416,0.8335928,-0.4312968,0.1099897,-0.9770522,0.09383709,-0.156416,8.566614,160.7326,345.6974
0,0.7795581,-1.11482,0.8326137,-0.4315059,0.1090192,-0.9772695,0.09619023,-0.1542942,8.879998,160.9459,345.7762
0,0.7933127,-1.115342,0.831578,-0.4317912,0.1088587,-0.9773424,0.09876615,-0.1523061,9.200915,161.1329,345.757
0,0.8049676,-1.115439,0.830858,-0.4321189,0.1086194,-0.9774131,0.1002466,-0.1510501,9.389821,161.2548,345.7643
0,0.8192834,-1.115647,0.8303593,-0.4322233,0.1085125,-0.9774956,0.1009457,-0.1501248,9.483706,161.3509,345.7703
0,0.8319957,-1.115818,0.8301268,-0.4323853,0.1090498,-0.9775352,0.1009013,-0.1495069,9.477578,161.4185,345.7154
0,0.8437446,-1.116172,0.829895,-0.432677,0.1089881,-0.9776362,0.1010094,-0.148816,9.500865,161.4975,345.7267
0,0.8543838,-1.116524,0.8294448,-0.4329578,0.1082082,-0.9779183,0.1007839,-0.14768,9.506321,161.6407,345.832
0,0.8783901,-1.116584,0.8290291,-0.4330167,0.1071793,-0.9780599,0.101294,-0.1471434,9.590291,161.7037,345.9446
0,0.888389,-1.116672,0.8290064,-0.4329415,0.1064886,-0.978171,0.1017331,-0.1466022,9.660041,161.7655,346.0201
0,0.8995476,-1.116748,0.8287849,-0.4330032,0.1061721,-0.9782145,0.1021572,-0.1462456,9.718575,161.8025,346.051
0,0.911071,-1.117006,0.8286626,-0.433104,0.1063148,-0.9781872,0.102588,-0.1460233,9.767564,161.8195,346.0277
0,0.922565,-1.117057,0.8285547,-0.4331881,0.106952,-0.9781077,0.1027002,-0.1460116,9.768706,161.8127,345.9522
0,0.9333333,-1.117118,0.8284836,-0.4332517,0.10761,-0.9780402,0.10259,-0.146058,9.743616,161.803,345.8784
0,0.9450397,-1.117308,0.828509,-0.4333403,0.107856,-0.978044,0.1024763,-0.1459302,9.728155,161.8175,345.8537
0,0.9560648,-1.117427,0.8283352,-0.433402,0.1072752,-0.9781237,0.1026318,-0.1457153,9.759328,161.8453,345.9193
0,0.9672552,-1.11761,0.8280576,-0.4334965,0.106327,-0.9782747,0.1031098,-0.1450576,9.839702,161.9225,346.0249
0,0.9785555,-1.117968,0.8278714,-0.4337227,0.1056454,-0.9784067,0.1037217,-0.1442261,9.932646,162.0151,346.0988
0,0.9899658,-1.118355,0.8274006,-0.4339421,0.1051401,-0.9786013,0.1045268,-0.1426859,10.05399,162.1851,346.1557
0,1.0014,-1.118683,0.8269929,-0.4341719,0.1044536,-0.9787905,0.1050318,-0.1415168,10.13944,162.3191,346.2362
0,1.01356,-1.119403,0.8264694,-0.4345329,0.1042686,-0.9790449,0.1050705,-0.1398561,10.17016,162.5134,346.2737
0,1.039268,-1.119434,0.8261951,-0.434651,0.1042895,-0.97909,0.1049384,-0.1396229,10.15816,162.5426,346.2763
0,1.05329,-1.11945,0.8262098,-0.4346524,0.1046019,-0.9790336,0.104937,-0.1397853,10.15025,162.5206,346.2387
0,1.06591,-1.119452,0.8260493,-0.4346393,0.1048812,-0.9789516,0.1051889,-0.139962,10.17126,162.4929,346.1996
0,1.079592,-1.11936,0.8259121,-0.4345592,0.1046743,-0.9788499,0.105747,-0.1404059,10.23158,162.4337,346.2075
0,1.090636,-1.119126,0.8257166,-0.434361,0.1040014,-0.9787239,0.1063605,-0.1413174,10.29991,162.3238,346.263
0,1.102513,-1.118816,0.8255749,-0.4341314,0.1031991,-0.9785874,0.1069319,-0.1424157,10.36336,162.1942,346.3323
0,1.114813,-1.118575,0.8254985,-0.4338651,0.1024292,-0.9784852,0.107106,-0.1435387,10.38131,162.0683,346.4056
0,1.126875,-1.118196,0.825448,-0.4336423,0.1022435,-0.9783372,0.1072768,-0.144549,10.38999,161.9496,346.4129
0,1.138488,-1.117877,0.8254359,-0.4334399,0.1024477,-0.9781845,0.107257,-0.1454506,10.37163,161.8429,346.3804
1,0,-1.137981,0.8814301,-0.4373122,0.1622245,-0.978413,-0.0422026,-0.1208736,353.004,167.0261,341.968
1,0.0258104,-1.13827,0.8813007,-0.43745,0.1623354,-0.978513,-0.04186962,-0.1200276,353.0554,167.1183,341.9457
1,0.0516208,-1.13846,0.8811904,-0.4374985,0.1616678,-0.9787537,-0.04124978,-0.1191774,353.1494,167.2008,342.0107
1,0.0659534,-1.138609,0.880812,-0.4376994,0.1612354,-0.9789251,-0.04057672,-0.1185852,353.2416,167.2545,342.0497
1,0.0789064,-1.138651,0.8805357,-0.4377978,0.1611498,-0.9789837,-0.03990175,-0.1184467,353.3213,167.2586,342.0513
1,0.0908076,-1.138639,0.8803251,-0.4378611,0.1611167,-0.9790006,-0.03944429,-0.1185059,353.3722,167.244,342.0506
1,0.1034692,-1.138715,0.8802092,-0.4379562,0.1611669,-0.9789948,-0.03892156,-0.1186572,353.4278,167.2183,342.04
1,0.1148976,-1.138632,0.8799925,-0.4379733,0.1610515,-0.9789887,-0.0384629,-0.1190128,353.4746,167.1691,342.0506
1,0.1264506,-1.138538,0.8797809,-0.4379889,0.1610247,-0.9789761,-0.03810712,-0.1192681,353.5104,167.1338,342.0514
1,0.1379746,-1.138314,0.8796145,-0.4379316,0.1606589,-0.9790102,-0.03779999,-0.1195783,353.5443,167.0908,342.0924
1,0.1502778,-1.138143,0.8793939,-0.4378911,0.160021,-0.9790961,-0.03738893,-0.1198601,353.5939,167.0475,342.1635
1,0.1616392,-1.137958,0.8791885,-0.4378242,0.1595138,-0.9791546,-0.03700931,-0.1201746,353.6377,167.002,342.22
1,0.1732965,-1.13764,0.8790585,-0.4378269,0.1592874,-0.9791576,-0.03653672,-0.1205955,353.6865,166.9445,342.2435
1,0.1843943,-1.137052,0.878672,-0.4376185,0.1592299,-0.9790682,-0.03552388,-0.1216944,353.7818,166.8016,342.2453
1,0.2116209,-1.136755,0.8784447,-0.4375283,0.1592743,-0.9790021,-0.03496647,-0.122328,353.8327,166.72,342.2376
1,0.2235464,-1.136369,0.8781362,-0.4374169,0.1587635,-0.9789993,-0.0341332,-0.1232465,353.9171,166.5979,342.2925
1,0.2350205,-1.136045,0.877818,-0.4372175,0.1580358,-0.9790107,-0.03335702,-0.1242984,353.9958,166.4603,342.3738
1,0.2475712,-1.135471,0.8772862,-0.4370241,0.1567534,-0.979077,-0.03182443,-0.1257925,354.1598,166.2564,342.5123
1,0.2594011,-1.134821,0.8766688,-0.4368078,0.1552645,-0.9791439,-0.03001626,-0.1275519,354.3536,166.017,342.6721
1,0.2707051,-1.134001,0.875996,-0.4366623,0.1536337,-0.9792069,-0.0280374,-0.1294774,354.5663,165.7555,342.8459
1,0.282188,-1.132979,0.8750162,-0.4363291,0.1509683,-0.97933,-0.02516798,-0.1322428,354.881,165.3789,343.1303
1,0.2932694,-1.131603,0.8737612,-0.4359192,0.1474026,-0.9794775,-0.02160434,-0.1357558,355.2767,164.9029,343.5097
1,0.3057323,-1.130229,0.8722452,-0.4354339,0.1433883,-0.9796556,-0.0171177,-0.139363,355.7847,164.4027,343.9235
1,0.3171133,-1.128788,0.8704386,-0.434916,0.1394676,-0.9797975,-0.01168727,-0.1428607,356.4023,163.9047,344.3064
1,0.3287713,-1.127424,0.868618,-0.4343609,0.1364955,-0.9798542,-0.006401077,-0.1456499,357.0018,163.4966,344.5742
1,0.3406737,-1.124221,0.8631383,-0.4331906,0.1333071,-0.9794608,0.0101354,-0.150941,358.8318,162.6357,344.6775
1,0.3678816,-1.12267,0.8606912,-0.4327314,0.1314792,-0.9792206,0.0165245,-0.153517,359.5413,162.2413,344.777
1,0.3809453,-1.121116,0.8582574,-0.4320792,0.1284392,-0.9789902,0.02257109,-0.156756,0.2249742,161.7764,345.0154
1,0.3940333,-1.119484,0.8558347,-0.4315268,0.1243646,-0.9787983,0.02807288,-0.1603104,0.8641388,161.2861,345.3754
1,0.4071217,-1.118017,0.8537252,-0.4308714,0.1205965,-0.9786024,0.03267806,-0.1634806,1.40545,160.8559,345.7123
1,0.4193094,-1.116552,0.8516567,-0.4301849,0.1160931,-0.978472,0.03686187,-0.1666021,1.917126,160.441,346.1368
1,0.4315653,-1.114954,0.8495359,-0.4295546,0.1114027,-0.9782765,0.04132942,-0.1698719,2.46533,160.008,346.5721
1,0.4439452,-1.113596,0.8475502,-0.4288651,0.1074703,-0.978039,0.04527082,-0.1727443,2.947649,159.6293,346.9289
1,0.456549,-1.11246,0.8458244,-0.4283057,0.1061858,-0.9775913,0.04924162,-0.1749721,3.389146,159.3182,346.9831
1,0.4702625,-1.111143,0.8440107,-0.4278595,0.1056763,-0.9770255,0.05337714,-0.1772139,3.832911,159,346.943
1,0.4831323,-1.110215,0.8428429,-0.427464,0.1075864,-0.9762954,0.05653088,-0.1790999,4.119922,158.7271,346.6489
1,0.4957751,-1.107866,0.840305,-0.4261484,0.1075923,-0.9750854,0.06198632,-0.1838212,4.664926,158.0957,346.5035
1,0.5226296,-1.106836,0.8392373,-0.425603,0.1062702,-0.9746885,0.06395015,-0.1860094,4.883411,157.8171,346.5974
1,0.5354382,-1.105775,0.8383166,-0.4249141,0.1030088,-0.9744839,0.06527338,-0.1884405,5.071203,157.5295,346.9238
1,0.5474387,-1.104977,0.8374083,-0.4244181,0.1006698,-0.9742827,0.06733645,-0.1900127,5.333478,157.3266,347.1314
1,0.5598357,-1.104332,0.8363489,-0.4241708,0.09934752,-0.9739617,0.07046137,-0.1912168,5.696532,157.1454,347.1992
1,0.5726783,-1.103984,0.8355346,-0.423948,0.09904572,-0.9737356,0.073194,-0.1914983,6.004642,157.072,347.1652
1,0.5862997,-1.10381,0.8350159,-0.4238724,0.09957708,-0.9735645,0.07469723,-0.1915122,6.159966,157.0438,347.0681
1,0.599341,-1.103611,0.8347021,-0.4237691,0.1000376,-0.9733916,0.07577714,-0.1917273,6.266997,156.999,346.9881
1,0.6104715,-1.103763,0.8346524,-0.4239438,0.1006826,-0.9734626,0.0753427,-0.1911991,6.210745,157.0636,346.9289
1,0.623009,-1.103783,0.8344481,-0.42402,0.1003906,-0.9735427,0.07519116,-0.1910047,6.203115,157.0904,346.9669
1,0.6341305,-1.103978,0.8344301,-0.4241794,0.09909339,-0.9738435,0.07426038,-0.1905127,6.135426,157.17,347.1398
1,0.6461682,-1.104813,0.8341504,-0.4248292,0.09443972,-0.9749225,0.0724077,-0.188055,6.065427,157.5116,347.7272
1,0.6722615,-1.105268,0.833892,-0.4252641,0.09233268,-0.9753861,0.07250209,-0.1866553,6.140465,157.6856,347.9725
1,0.6834875,-1.106049,0.833203,-0.4257364,0.08791413,-0.9762322,0.07340281,-0.1839942,6.370947,158.009,348.4692
1,0.6950215,-1.106746,0.8325257,-0.4261788,0.08424546,-0.9769583,0.07419953,-0.1815204,6.56874,158.3088,348.8831
1,0.7062169,-1.10742,0.8317678,-0.4265791,0.08092391,-0.9776309,0.07512967,-0.1790106,6.772403,158.6098,349.2557
1,0.7178155,-1.108307,0.8307859,-0.4271831,0.07806519,-0.9783261,0.07623045,-0.1759916,6.989002,158.9659,349.5765
1,0.7283472,-1.109096,0.8298995,-0.4277898,0.07606577,-0.9789191,0.07670621,-0.1733427,7.111893,159.282,349.812
1,0.7397812,-1.109758,0.829083,-0.4283795,0.07484151,-0.9793372,0.07694443,-0.1713978,7.183858,159.5141,349.9601
1,0.7535707,-1.110389,0.8282975,-0.4289005,0.07318426,-0.9797624,0.07723928,-0.1695405,7.269518,159.7383,350.1557
1,0.7660118,-1.110639,0.8275312,-0.4292765,0.07137994,-0.9801226,0.07769407,-0.1680131,7.37217,159.9234,350.3625
1,0.7798194,-1.110884,0.8269378,-0.4294755,0.07034877,-0.9802626,0.07846583,-0.1672704,7.486912,160.0078,350.4689
1,0.791261,-1.111167,0.8262553,-0.4296541,0.06940976,-0.9803543,0.07956555,-0.1666046,7.63587,160.0787,350.5574
1,0.8038332,-1.111177,0.8244421,-0.4294657,0.06500871,-0.9805224,0.08432126,-0.1650451,8.273529,160.2362,350.97
1,0.8330839,-1.111136,0.8237281,-0.4294291,0.06402294,-0.9805613,0.08598007,-0.1643421,8.486368,160.3062,351.053
1,0.8443178,-1.111064,0.8233597,-0.4293939,0.06512307,-0.9803486,0.08738313,-0.1644381,8.621967,160.2687,350.8968
1,0.8551689,-1.111023,0.823042,-0.4293754,0.06580444,-0.9802032,0.08833269,-0.1645274,8.714714,160.2408,350.798
1,0.8657262,-1.110835,0.8227998,-0.4293091,0.06673939,-0.9800538,0.08885287,-0.1647595,8.752662,160.1992,350.6781
1,0.8762368,-1.110611,0.822801,-0.4292071,0.06807833,-0.9798286,0.08890736,-0.1655204,8.724948,160.0983,350.5174
1,0.8866202,-1.110192,0.8229002,-0.4289657,0.06931704,-0.979499,0.08868372,-0.1670693,8.659945,159.9098,350.3672
1,0.8969494,-1.110109,0.8228139,-0.4286298,0.06952226,-0.9793571,0.0889089,-0.167695,8.675033,159.8321,350.3334
1,0.9148291,-1.109903,0.8227348,-0.4284523,0.06937225,-0.979225,0.08950678,-0.1682096,8.74032,159.7654,350.3329
1,0.9261342,-1.109708,0.8225849,-0.4282763,0.06866916,-0.9791397,0.09039019,-0.1685224,8.850956,159.7233,350.3908
1,0.937367,-1.109614,0.8224102,-0.4282165,0.0683772,-0.9790453,0.0913447,-0.1686746,8.962859,159.6955,350.4017
1,0.9499598,-1.109487,0.8222378,-0.4281234,0.06874695,-0.9788821,0.09217529,-0.1690191,9.045479,159.6411,350.338
1,0.961333,-1.109384,0.8217362,-0.4280906,0.07036648,-0.9784361,0.09370298,-0.1700917,9.173654,159.481,350.1092
1,0.9864056,-1.109346,0.8214333,-0.4280461,0.07034504,-0.9783037,0.0945752,-0.1703795,9.269346,159.4357,350.0894
1,0.9980527,-1.109623,0.8208512,-0.4281152,0.07015801,-0.9781802,0.09609891,-0.1703129,9.445332,159.4244,350.077
1,1.009476,-1.109786,0.8201998,-0.4281746,0.06949927,-0.9781545,0.09811129,-0.1695812,9.692739,159.4887,350.114
1,1.020935,-1.110038,0.8194497,-0.4282848,0.06899886,-0.9781537,0.1003452,-0.1684799,9.965559,159.5917,350.1319
1,1.031187,-1.110256,0.8187894,-0.4282619,0.06859666,-0.9781305,0.101972,-0.1678008,10.16379,159.6528,350.1482
1,1.041786,-1.110453,0.8181781,-0.4283701,0.06803818,-0.9781432,0.1034066,-0.1670749,10.34401,159.7236,350.1874
1,1.053062,-1.110636,0.817785,-0.428565,0.06767239,-0.978261,0.1036084,-0.1664071,10.38081,159.8027,350.2318
1,1.06359,-1.110884,0.8175862,-0.428809,0.06794664,-0.9783918,0.1033408,-0.1656915,10.35224,159.8876,350.214
1,1.074857,-1.111007,0.8175691,-0.4289941,0.06807823,-0.9785447,0.1025144,-0.1652467,10.26088,159.9498,350.222
1,1.088795,-1.111106,0.8176448,-0.4291303,0.06825601,-0.9786782,0.1014237,-0.1650555,10.1363,159.9854,350.2278
1,1.099051,-1.111266,0.8177285,-0.4291549,0.06821032,-0.9787331,0.1009012,-0.1650696,10.07818,159.9913,350.2444
1,1.110107,-1.111351,0.8178583,-0.4291583,0.06748825,-0.9788731,0.1001561,-0.1649898,10.00944,160.0178,350.3443
1,1.121173,-1.111209,0.818078,-0.4289623,0.06419434,-0.9790474,0.09969298,-0.1655495,10.01777,159.9904,350.7255
1,1.148231,-1.111084,0.8181554,-0.4288105,0.0622185,-0.9790606,0.09937574,-0.1664146,10.01358,159.9123,350.9496
1,1.159116,-1.110956,0.8182775,-0.4287019,0.06167298,-0.9790266,0.09906816,-0.1670005,9.984505,159.8529,351.0128
1,1.169348,-1.110964,0.8185978,-0.4286745,0.06215384,-0.979042,0.09866966,-0.1669673,9.930191,159.8572,350.967
2,0,-1.137732,0.8746645,-0.4383761,0.1141848,-0.9852474,-0.04973369,-0.1173721,352.8306,167.1937,347.5841
2,0.0113728,-1.137876,0.874756,-0.4384029,0.114483,-0.9853042,-0.04985639,-0.1165503,352.8231,167.292,347.5452
2,0.0227456,-1.138048,0.874941,-0.4383273,0.1144791,-0.9853903,-0.05008001,-0.1157269,352.8081,167.3894,347.5423
2,0.0343082,-1.138208,0.875036,-0.438063,0.1134559,-0.9855222,-0.05058053,-0.1153932,352.7684,167.4261,347.6635
2,0.0455617,-1.138208,0.8752024,-0.4380126,0.113104,-0.9855154,-0.05107982,-0.1155766,352.7139,167.4078,347.711
2,0.0564136,-1.138106,0.8752117,-0.4381698,0.1132415,-0.9854121,-0.05160122,-0.1160897,352.6466,167.3552,347.7047
2,0.067198,-1.138059,0.8754351,-0.4381257,0.1135473,-0.985283,-0.05224546,-0.1165979,352.5632,167.3058,347.6805
2,0.0783887,-1.138004,0.8756934,-0.4380736,0.1144137,-0.9850742,-0.05283931,-0.1172456,352.4767,167.2439,347.592
2,0.0893186,-1.138011,0.8759297,-0.4380475,0.1157102,-0.9848391,-0.05340557,-0.1176907,352.3901,167.2085,347.4521
2,0.1007628,-1.137931,0.8762704,-0.4379588,0.1167932,-0.9845774,-0.05432138,-0.118389,352.2633,167.1463,347.3429
2,0.1123367,-1.137429,0.8770746,-0.4376307,0.1169336,-0.984192,-0.05671869,-0.1203158,351.9648,166.9513,347.3691
2,0.1379014,-1.13711,0.8774738,-0.4373928,0.1164162,-0.9840471,-0.05787982,-0.121444,351.8255,166.8293,347.4514
2,0.1494252,-1.136695,0.8779624,-0.4370784,0.1158211,-0.9838381,-0.05933256,-0.1229956,351.6489,166.6607,347.5499
2,0.1615238,-1.136101,0.8784891,-0.4365707,0.1159586,-0.9834489,-0.06100042,-0.125144,351.4308,166.4309,347.5719
2,0.1737596,-1.135491,0.8791018,-0.4361233,0.1164403,-0.9829339,-0.06285465,-0.1277972,351.1803,166.1474,347.5617
2,0.1861251,-1.134733,0.8797966,-0.4355699,0.116563,-0.9823571,-0.06505642,-0.1309788,350.8888,165.8026,347.6033
2,0.1976238,-1.133754,0.8805526,-0.434866,0.1170486,-0.9816464,-0.06739625,-0.1346396,350.5703,165.4062,347.6108
2,0.208983,-1.132783,0.8813701,-0.4341338,0.1178389,-0.9808486,-0.06965674,-0.1385571,350.2529,164.9815,347.5865
2,0.2203568,-1.131684,0.8822005,-0.4331195,0.1185145,-0.9800609,-0.07155639,-0.1425299,349.977,164.545,347.5734
2,0.2323941,-1.130662,0.8829695,-0.4323442,0.1199691,-0.9792299,-0.0729192,-0.1462842,349.752,164.1359,347.4622
2,0.2440983,-1.129558,0.8837909,-0.4314888,0.122675,-0.9781709,-0.07410321,-0.1504703,349.5202,163.6875,347.2095
2,0.2556386,-1.128498,0.8841708,-0.4304494,0.1255554,-0.9771293,-0.0749062,-0.1544127,349.3295,163.2659,346.9298
2,0.2687316,-1.126301,0.885909,-0.4289013,0.1301076,-0.9750344,-0.07645671,-0.1628939,348.9606,162.3397,346.519
2,0.2922414,-1.125345,0.8864863,-0.4280406,0.1309758,-0.974202,-0.07741018,-0.1666843,348.7851,161.9156,346.476
2,0.3026993,-1.124225,0.8870392,-0.4271762,0.1313764,-0.9733859,-0.07849902,-0.1705817,348.601,161.4746,346.4917
2,0.313774,-1.12314,0.8875612,-0.4263597,0.1315413,-0.9726031,-0.07975131,-0.1742986,348.4053,161.0531,346.5366
2,0.3245564,-1.122157,0.8880234,-0.4254392,0.1323142,-0.9716262,-0.08110984,-0.1784851,348.1794,160.5838,346.5198
2,0.3355291,-1.121024,0.8885226,-0.4245715,0.1326583,-0.9707134,-0.08245916,-0.1825314,347.9645,160.1252,346.5524
2,0.3474744,-1.119794,0.8889059,-0.4236598,0.1322562,-0.9698728,-0.08345865,-0.1867883,347.8017,159.6285,346.6693
2,0.3596854,-1.118831,0.8890908,-0.4227915,0.1320042,-0.9690984,-0.08433627,-0.1905541,347.6567,159.1895,346.7617
2,0.3721345,-1.117729,0.8892946,-0.421995,0.1312014,-0.9683686,-0.085006,-0.1944803,347.5454,158.7221,346.9168
2,0.3839964,-1.1167,0.8895348,-0.4212129,0.1307157,-0.9676186,-0.08568351,-0.198207,347.4298,158.2815,347.0337
2,0.3952722,-1.115862,0.889707,-0.4201936,0.1304097,-0.9668603,-0.08640818,-0.2017627,347.3078,157.8629,347.1293
2,0.4063245,-1.114861,0.8898917,-0.4194121,0.1297408,-0.9661028,-0.08700101,-0.2055326,347.2066,157.4127,347.2678
2,0.4166061,-1.113821,0.8900322,-0.4186063,0.1288409,-0.9653596,-0.08755288,-0.2093216,347.116,156.9561,347.4331
2,0.4287446,-1.111804,0.8900412,-0.416885,0.1268741,-0.9640098,-0.08804213,-0.2164181,347.017,156.0914,347.7648
2,0.4551739,-1.110795,0.8900182,-0.4160187,0.1264775,-0.9632094,-0.0883311,-0.2200658,346.9483,155.6541,347.8658
2,0.4678842,-1.110096,0.8901219,-0.4154204,0.1264781,-0.9625738,-0.08852267,-0.2227527,346.8932,155.3351,347.9064
2,0.4807344,-1.109426,0.890299,-0.4147862,0.1267023,-0.9618639,-0.08903656,-0.2254703,346.7961,155.0172,347.9293
2,0.4915406,-1.108496,0.8903855,-0.4140204,0.1263319,-0.9611709,-0.08981799,-0.2283062,346.6826,154.679,348.0289
2,0.5026447,-1.107828,0.8905802,-0.4133831,0.1259505,-0.9605484,-0.09053481,-0.2308395,346.5807,154.3758,348.1246
2,0.5138855,-1.107182,0.8908206,-0.4127495,0.1252598,-0.9599575,-0.09135188,-0.2333382,346.4765,154.073,348.2584
2,0.5252647,-1.106632,0.8910576,-0.4119494,0.1248069,-0.9593611,-0.0922199,-0.2356802,346.3628,153.7917,348.3644
2,0.5364006,-1.106126,0.8913938,-0.4113848,0.1249395,-0.9587466,-0.09316069,-0.2377317,346.2292,153.5529,348.4013
2,0.5477623,-1.105607,0.8919855,-0.4107096,0.1253429,-0.9579777,-0.09485405,-0.2399393,346.0021,153.3028,348.4286
2,0.5589235,-1.104926,0.8927364,-0.4099214,0.1253241,-0.9572179,-0.09676618,-0.2422068,345.7614,153.0404,348.5117
2,0.5738915,-1.104634,0.8935775,-0.4093341,0.1256161,-0.956518,-0.09950819,-0.2437052,345.4284,152.8784,348.5694
2,0.5906355,-1.104468,0.8952105,-0.408261,0.1253556,-0.9553759,-0.1054121,-0.2458283,344.749,152.6471,348.7817
2,0.6181607,-1.104362,0.8958944,-0.4078903,0.1248959,-0.9549358,-0.1079221,-0.2466812,344.4704,152.5483,348.9123
2,0.6306003,-1.104399,0.8966062,-0.407604,0.124404,-0.9545164,-0.1105862,-0.247372,344.1773,152.4682,349.0485
2,0.6409975,-1.104563,0.8973502,-0.4074365,0.1246775,-0.9542541,-0.1129006,-0.2472007,343.912,152.5022,349.0733
2,0.6522859,-1.104699,0.8980411,-0.4072567,0.1251071,-0.9539934,-0.1149403,-0.2470499,343.6729,152.535,349.0732
2,0.6640999,-1.104762,0.8987852,-0.4071358,0.125908,-0.9537967,-0.1164544,-0.2466928,343.4849,152.5966,349.0129
2,0.6754687,-1.105116,0.8993968,-0.4071883,0.1278214,-0.9536122,-0.1175258,-0.245913,343.3207,152.726,348.8049
2,0.6860259,-1.105355,0.9000057,-0.4071352,0.1292448,-0.9533142,-0.118946,-0.2456419,343.1252,152.7875,348.6709
2,0.6978661,-1.10566,0.9007241,-0.4072374,0.1307713,-0.9529213,-0.1202401,-0.245728,342.9368,152.8072,348.5278
2,0.7090546,-1.105879,0.9012781,-0.4072235,0.1319976,-0.952569,-0.1214656,-0.2458357,342.764,152.8193,348.4181
2,0.7212793,-1.106242,0.9019114,-0.4071683,0.132784,-0.9523548,-0.1225595,-0.2456991,342.6211,152.8536,348.3515
2,0.7337323,-1.106512,0.9022874,-0.4072499,0.1337556,-0.9523001,-0.1231065,-0.2451101,342.5401,152.944,348.2413
2,0.7457103,-1.107105,0.9031813,-0.4075331,0.1355561,-0.9521804,-0.1245471,-0.2438547,342.3444,153.1339,348.0439
2,0.7745672,-1.107235,0.903293,-0.4076159,0.1352859,-0.9522645,-0.1250228,-0.2434322,342.3035,153.1829,348.0791
2,0.7855449,-1.107309,0.9033952,-0.4076389,0.1349713,-0.9522702,-0.125422,-0.2433797,342.2677,153.1856,348.1246
2,0.7974733,-1.107434,0.9036573,-0.4079069,0.1348454,-0.952261,-0.1257468,-0.243318,342.2353,153.1924,348.146
2,0.8078277,-1.107484,0.9037056,-0.4079456,0.1351625,-0.9521906,-0.1258214,-0.2433787,342.2176,153.1908,348.1121
2,0.8198376,-1.107557,0.9037677,-0.4080069,0.1356049,-0.952137,-0.1259362,-0.2432833,342.1938,153.2105,348.0615
2,0.8317325,-1.107628,0.9039769,-0.4079682,0.1360497,-0.9521186,-0.1260815,-0.2430318,342.1685,153.2495,348.0084
2,0.8425363,-1.10777,0.9039757,-0.4080938,0.1365266,-0.9522433,-0.1260856,-0.242272,342.1647,153.3505,347.9385
2,0.8538094,-1.107863,0.9039816,-0.4081979,0.1366422,-0.9523654,-0.1261148,-0.2417116,342.1654,153.421,347.9151
2,0.8648555,-1.107929,0.9039969,-0.4082678,0.136083,-0.952579,-0.1262483,-0.2411146,342.1729,153.4847,347.9723
2,0.8764127,-1.107974,0.9040362,-0.4083221,0.135936,-0.9526368,-0.126433,-0.2408721,342.159,153.5126,347.9893
2,0.8882021,-1.108013,0.9041289,-0.4083368,0.136178,-0.9525467,-0.1267772,-0.2409108,342.1133,153.5136,347.9701
2,0.8993089,-1.108109,0.904212,-0.4082714,0.1358574,-0.952346,-0.1274202,-0.2415453,342.0415,153.4335,348.0352
2,0.9243777,-1.108135,0.9042108,-0.408112,0.1351048,-0.9523465,-0.1276798,-0.2418282,342.029,153.3869,348.1347
2,0.9353305,-1.108082,0.9042588,-0.4080369,0.13462,-0.952284,-0.1279854,-0.2421827,342.0033,153.3365,348.2055
2,0.9469112,-1.108042,0.9043119,-0.4079366,0.1341699,-0.9522361,-0.1283135,-0.2424477,341.9753,153.2976,348.2711
3,0,-1.139159,0.8748835,-0.436903,0.1022468,-0.9865235,-0.05363606,-0.115932,352.5573,167.3132,348.9941
3,0.0117243,-1.139254,0.8747773,-0.4370875,0.1026262,-0.9864992,-0.05339469,-0.1159145,352.5801,167.3157,348.9475
3,0.0234486,-1.139353,0.8747854,-0.4371347,0.1027692,-0.9865394,-0.05270485,-0.1157617,352.6584,167.3278,348.922
3,0.0347814,-1.139488,0.8746903,-0.4370742,0.1037587,-0.9865543,-0.0521686,-0.1149938,352.7154,167.4185,348.7963
3,0.0457466,-1.13971,0.8746325,-0.4371234,0.1042313,-0.9866618,-0.05164425,-0.1138743,352.7817,167.5461,348.7278
3,0.0564631,-1.139839,0.8745542,-0.4371305,0.1042899,-0.9867439,-0.05117685,-0.1133181,352.8405,167.6061,348.7119
3,0.0672953,-1.139776,0.8742394,-0.4375736,0.1043884,-0.9867817,-0.05089332,-0.1130264,352.8748,167.6377,348.6953
3,0.0788725,-1.139743,0.8741778,-0.4375876,0.104288,-0.9867904,-0.05088171,-0.1130481,352.8771,167.6344,348.7069
3,0.0903018,-1.139622,0.8740408,-0.4375958,0.1038143,-0.9868219,-0.05059092,-0.1133397,352.9127,167.5945,348.7603
3,0.1015074,-1.139331,0.873592,-0.4375452,0.1035689,-0.9867967,-0.04910291,-0.1144328,353.0725,167.4519,348.7795
3,0.1273065,-1.139048,0.8733,-0.437628,0.1035826,-0.9867861,-0.04803768,-0.1149618,353.1874,167.3804,348.7694
3,0.1404809,-1.13889,0.8730233,-0.4376158,0.1036149,-0.9867835,-0.04707967,-0.1153517,353.2914,167.3262,348.7574
3,0.1521389,-1.13869,0.8726234,-0.4375937,0.1040485,-0.9867438,-0.04572392,-0.1158447,353.4343,167.2587,348.6951
3,0.1635425,-1.138448,0.8723658,-0.4375379,0.1044302,-0.9867191,-0.04474192,-0.1160952,353.5381,167.2224,348.6414
3,0.175735,-1.138352,0.8720546,-0.4375496,0.105146,-0.9866748,-0.04385271,-0.1161644,353.6291,167.21,348.5491
3,0.1869476,-1.138249,0.8717093,-0.4375626,0.1054536,-0.9866716,-0.0429632,-0.1162456,353.7251,167.1935,348.5039
3,0.197897,-1.137943,0.8713868,-0.4376563,0.104965,-0.9867127,-0.04211402,-0.1166482,353.8232,167.1354,348.5526
3,0.2088672,-1.137732,0.8709158,-0.4376695,0.1042107,-0.9867718,-0.04110898,-0.1171817,353.9409,167.0591,348.6307
3,0.2188008,-1.137467,0.8703295,-0.4376847,0.1033388,-0.9868339,-0.03969606,-0.1179157,354.1043,166.955,348.7185
3,0.2295644,-1.137282,0.869638,-0.4376777,0.1027311,-0.9868693,-0.03785528,-0.118754,354.3117,166.8364,348.7709
3,0.2411909,-1.137001,0.868922,-0.4376986,0.1019997,-0.9869147,-0.03592356,-0.1196036,354.5311,166.715,348.836
3,0.2526661,-1.135854,0.8665091,-0.4375606,0.09867454,-0.9870173,-0.02946365,-0.1232563,355.2685,166.2132,349.1543
3,0.2761303,-1.134927,0.8649714,-0.4373729,0.09538686,-0.9870855,-0.02528943,-0.1261906,355.7563,165.82,349.4888
3,0.286462,-1.133775,0.8631624,-0.437062,0.09143405,-0.9871079,-0.02011815,-0.1298197,356.3617,165.3376,349.884
3,0.2971099,-1.131957,0.8607848,-0.4366503,0.08704078,-0.9870579,-0.01302713,-0.1340565,357.1883,164.7702,350.2971
3,0.3081028,-1.130635,0.8584377,-0.4361947,0.08393754,-0.9868858,-0.005787551,-0.1377585,358.0201,164.2706,350.5506
3,0.3202709,-1.129369,0.8559562,-0.4357549,0.0826726,-0.9865549,0.002003092,-0.1409649,358.8909,163.828,350.5773
3,0.3312531,-1.128195,0.8535113,-0.435339,0.0826591,-0.9861504,0.009686757,-0.1434614,359.7358,163.4678,350.4557
3,0.3418612,-1.127133,0.8510884,-0.4351705,0.08527115,-0.985671,0.01729194,-0.1445086,0.5410804,163.2715,350.0317
3,0.3535803,-1.126129,0.8488125,-0.4348052,0.08689629,-0.9851761,0.02424178,-0.1459088,1.283933,163.0356,349.7272
3,0.3643972,-1.124912,0.8466386,-0.4345012,0.0884242,-0.9846622,0.02997333,-0.1473882,1.888917,162.7995,349.4513
3,0.3747973,-1.123758,0.8445743,-0.4340907,0.08856274,-0.9841843,0.03524882,-0.1493172,2.460738,162.5165,349.3376
3,0.3851363,-1.122448,0.8424147,-0.4335736,0.08679889,-0.9837607,0.04038088,-0.1518235,3.043495,162.1722,349.438
3,0.3955051,-1.121188,0.8404089,-0.4330484,0.084869,-0.9833273,0.04503187,-0.1543918,3.575054,161.8271,349.5623
3,0.40705,-1.118409,0.8357614,-0.431556,0.07776684,-0.9823699,0.05409508,-0.1611692,4.658437,160.965,350.1661
3,0.4307976,-1.116992,0.8337488,-0.4309019,0.07556012,-0.9818179,0.05846762,-0.1640305,5.164804,160.5927,350.3147
3,0.4435765,-1.11574,0.8320147,-0.4302498,0.07392536,-0.9812231,0.06198539,-0.1670154,5.563544,160.2134,350.4119
3,0.455334,-1.11459,0.8303083,-0.4296776,0.07356427,-0.9805652,0.06592712,-0.1695108,5.989822,159.8786,350.3555
3,0.4682322,-1.113679,0.828832,-0.4292088,0.07454234,-0.9799883,0.06954426,-0.1709678,6.362382,159.6593,350.1579
3,0.4809196,-1.112909,0.8273292,-0.4287922,0.07511603,-0.9794587,0.0732263,-0.1722099,6.752043,159.465,350.0045
3,0.492834,-1.112259,0.8258734,-0.428431,0.07450066,-0.9790799,0.07675558,-0.1730923,7.152385,159.3213,349.9907
3,0.5054245,-1.111599,0.8244556,-0.4281303,0.07281598,-0.978803,0.08025189,-0.1737882,7.573183,159.207,350.0995
3,0.5169949,-1.111156,0.8231089,-0.4278411,0.07125974,-0.9785895,0.08328298,-0.1742082,7.942062,159.1304,350.2054
3,0.5289741,-1.110795,0.8220456,-0.4275506,0.06965278,-0.978392,0.08530006,-0.1749899,8.194663,159.0253,350.3364
3,0.5408083,-1.110469,0.8212953,-0.4273595,0.0682982,-0.9782622,0.08629304,-0.1757614,8.327207,158.9331,350.4616
3,0.5525664,-1.110084,0.8206493,-0.4271487,0.06700532,-0.9781054,0.08668665,-0.1769341,8.387447,158.8012,350.5898
3,0.5641524,-1.109158,0.8203893,-0.4267577,0.06523088,-0.9777234,0.08512384,-0.1804328,8.216593,158.4258,350.798
3,0.5904523,-1.108819,0.8202813,-0.426578,0.06511519,-0.9774964,0.08486928,-0.1818194,8.177509,158.2675,350.8055
3,0.6020605,-1.108451,0.8204153,-0.4265011,0.06638195,-0.9771919,0.0853603,-0.1827652,8.196135,158.1407,350.6422
3,0.6134326,-1.108336,0.8204744,-0.426465,0.06817582,-0.9769534,0.08596818,-0.1830945,8.221977,158.0802,350.4214
3,0.6257794,-1.108283,0.8205484,-0.4264642,0.06944704,-0.9768409,0.08644073,-0.1829951,8.248155,158.0756,350.2667
3,0.6371895,-1.108125,0.8209336,-0.4264482,0.06985855,-0.9768319,0.08651333,-0.1828515,8.248718,158.0882,350.2194
3,0.6488172,-1.10808,0.8210918,-0.4264537,0.06919031,-0.9769333,0.08585735,-0.1828733,8.189507,158.0996,350.3106
3,0.6605182,-1.108081,0.8214725,-0.426403,0.06814745,-0.9770544,0.08467752,-0.1831677,8.077026,158.0886,350.4544
3,0.6727226,-1.10809,0.8217155,-0.4264132,0.06758198,-0.9771872,0.0832781,-0.1833106,7.93095,158.0942,350.5503
3,0.6848588,-1.108073,0.8218905,-0.4264153,0.06764374,-0.9771913,0.08235972,-0.1836806,7.822968,158.0621,350.5618
3,0.6996931,-1.108207,0.8220779,-0.4264603,0.06825025,-0.9770603,0.0819248,-0.1843465,7.754429,157.9852,350.4979
3,0.7124213,-1.108115,0.8221618,-0.4264352,0.06923518,-0.976858,0.08173653,-0.1851327,7.703954,157.8884,350.3844
3,0.7255148,-1.107922,0.8224159,-0.4262822,0.07159609,-0.9765742,0.08166696,-0.1857618,7.637669,157.7984,350.1132
3,0.7521949,-1.107915,0.8224003,-0.4262451,0.07176264,-0.9765752,0.08164741,-0.1857009,7.632402,157.8046,350.0952
3,0.764256,-1.107853,0.8225251,-0.4261388,0.07122403,-0.9766273,0.08143858,-0.1857261,7.620668,157.8083,350.1611
3,0.7772817,-1.10786,0.8223931,-0.426021,0.06973002,-0.9767538,0.08137672,-0.1856546,7.647532,157.8283,350.3326
3,0.7917126,-1.10783,0.8223275,-0.425927,0.06905775,-0.9767658,0.08132665,-0.185865,7.65474,157.8092,350.4085
3,0.8050729,-1.107829,0.8223168,-0.4257981,0.06899231,-0.9765323,0.08162005,-0.1869836,7.678156,157.675,350.4002
3,0.8161373,-1.107692,0.8222436,-0.4255739,0.06905607,-0.976325,0.08173218,-0.1879911,7.679436,157.5552,350.3824
3,0.8349924,-1.107522,0.8223213,-0.4254961,0.06857678,-0.9761879,0.08176289,-0.1888635,7.685105,157.4562,350.4293
3,0.847613,-1.107286,0.8222075,-0.4252104,0.06754304,-0.9760118,0.08181001,-0.190122,7.701505,157.3158,350.5355
3,0.8598471,-1.1071,0.8221017,-0.4249904,0.06688721,-0.9758487,0.08201708,-0.1910993,7.730187,157.2034,350.5971
3,0.8717945,-1.106724,0.8221183,-0.4247826,0.06611603,-0.9757088,0.08246852,-0.1918855,7.790835,157.1112,350.6674
4,0,-1.13826,0.8705261,-0.4381014,0.1347206,-0.9825391,-0.04730914,-0.1192869,352.8131,167.0902,345.1993
4,0.010709,-1.138271,0.8705897,-0.4381529,0.13462,-0.9824988,-0.04776682,-0.1195493,352.7587,167.0654,345.218
4,0.021418,-1.138367,0.8706185,-0.4381565,0.1348857,-0.9824752,-0.04782503,-0.1194201,352.7505,167.083,345.187
4,0.0335594,-1.138542,0.8706696,-0.4382384,0.135638,-0.9824756,-0.04781765,-0.1185643,352.7544,167.1868,345.0938
4,0.0443118,-1.138704,0.8706582,-0.4382885,0.135776,-0.9825624,-0.04766737,-0.1177446,352.7819,167.2802,345.0703
4,0.0565454,-1.138676,0.8708895,-0.4382563,0.1356599,-0.98263,-0.04774284,-0.117283,352.7818,167.3335,345.0813
4,0.0685218,-1.138746,0.8710045,-0.4382528,0.1358252,-0.9826049,-0.04814859,-0.117137,352.7359,167.357,345.0656
4,0.0815276,-1.138754,0.8711778,-0.4382287,0.1362025,-0.9825033,-0.04876878,-0.1172945,352.6585,167.35,345.0298
4,0.0924657,-1.138964,0.8715714,-0.4380401,0.1366692,-0.9823796,-0.04960918,-0.1174357,352.5553,167.3486,344.9861
4,0.1041474,-1.138983,0.8728206,-0.437749,0.1389213,-0.9817659,-0.05319059,-0.1183537,352.1069,167.3089,344.7712
4,0.1308366,-1.139009,0.8735365,-0.4375991,0.1391348,-0.9815657,-0.05569563,-0.1186105,351.8165,167.3153,344.7755
4,0.1429812,-1.13907,0.8741456,-0.4374703,0.1391881,-0.981425,-0.05790909,-0.1186514,351.5645,167.3412,344.7934
4,0.1541634,-1.139089,0.8749932,-0.4372901,0.1384892,-0.9814065,-0.06072864,-0.1182129,351.2606,167.4238,344.9005
4,0.1656748,-1.139281,0.8758246,-0.4371365,0.1373261,-0.9814522,-0.0639392,-0.1174956,350.9221,167.5391,345.0627
4,0.1778383,-1.139544,0.876848,-0.4369446,0.1359641,-0.9814751,-0.06789587,-0.1166653,350.5027,167.6741,345.2538
4,0.1897672,-1.139767,0.8778911,-0.4367641,0.1355815,-0.9813309,-0.07136662,-0.1162509,350.1196,167.7632,345.3293
4,0.2025031,-1.140034,0.8789582,-0.4365934,0.1359886,-0.9810358,-0.0750158,-0.1159678,349.7044,167.8469,345.3152
4,0.2148534,-1.140257,0.8799239,-0.4364237,0.1362724,-0.9807773,-0.07819944,-0.1157193,349.3429,167.9194,345.3105
4,0.2260736,-1.140648,0.8810902,-0.4362676,0.1371081,-0.9804231,-0.08158334,-0.1153961,348.9529,168.0094,345.2419
4,0.2375957,-1.140899,0.8819901,-0.4361155,0.1376859,-0.9801565,-0.08411705,-0.1151522,348.6615,168.0766,345.1955
4,0.2502771,-1.141162,0.8829094,-0.4359491,0.1383359,-0.9798685,-0.08677188,-0.1148546,348.3562,168.1528,345.1407
4,0.260757,-1.14177,0.8853096,-0.4355195,0.1408765,-0.979009,-0.09293385,-0.1142737,347.6336,168.3309,344.8916
4,0.2856599,-1.141975,0.8863269,-0.4353454,0.1420182,-0.9786161,-0.09578662,-0.1138711,347.3015,168.4296,344.7774
4,0.2963244,-1.142371,0.8873264,-0.4352241,0.1438046,-0.9781637,-0.09870866,-0.1130162,346.9612,168.5912,344.5812
4,0.306837,-1.142826,0.8884016,-0.4350853,0.1453822,-0.9777412,-0.1018632,-0.1118487,346.6021,168.7909,344.4058
4,0.3165487,-1.143309,0.8894783,-0.43494,0.1465876,-0.9773614,-0.1051354,-0.1105598,346.236,169.0023,344.2718
4,0.3270523,-1.14392,0.8905783,-0.4348145,0.1475165,-0.9769648,-0.1085794,-0.1094953,345.85,169.187,344.173
4,0.3375252,-1.144361,0.8917303,-0.434613,0.1479645,-0.9765963,-0.112143,-0.1085831,345.4532,169.3492,344.1325
4,0.3488345,-1.144767,0.8929198,-0.4343855,0.1481128,-0.9762049,-0.1158776,-0.1079777,345.0352,169.4737,344.1318
4,0.3601406,-1.145302,0.8940878,-0.4340173,0.1487738,-0.9757335,-0.1195021,-0.1073776,344.6239,169.6043,344.0685
4,0.3716245,-1.145872,0.8952888,-0.433832,0.1505513,-0.9751508,-0.1229505,-0.1062944,344.2288,169.8081,343.8624
4,0.3831275,-1.146602,0.8964661,-0.4336553,0.15239,-0.9745762,-0.1261921,-0.1051376,343.8584,170.0202,343.6444
4,0.3939217,-1.147223,0.8976216,-0.4334882,0.1540475,-0.9740201,-0.1294059,-0.1039634,343.4938,170.2327,343.4456
4,0.4047328,-1.147816,0.8987929,-0.4332885,0.1551509,-0.9735206,-0.1325774,-0.1030006,343.1364,170.4115,343.3143
4,0.416785,-1.149123,0.9015166,-0.432745,0.1579024,-0.9722538,-0.1395952,-0.1015014,342.3322,170.7424,342.9922
4,0.443561,-1.149755,0.9027325,-0.43254,0.1601264,-0.9715148,-0.1427568,-0.1006939,341.9632,170.9276,342.724
4,0.4551621,-1.150334,0.9039392,-0.4321772,0.1620551,-0.9708056,-0.1458521,-0.100009,341.6028,171.0937,342.4913
4,0.4665816,-1.150921,0.905178,-0.4319155,0.1636325,-0.9700946,-0.1492077,-0.09938893,341.215,171.2511,342.3012
4,0.4773657,-1.151385,0.9063534,-0.4316355,0.1641835,-0.9695281,-0.1524964,-0.09901443,340.8397,171.359,342.2381
4,0.4895686,-1.151943,0.9075899,-0.4312745,0.1643065,-0.9689931,-0.1560844,-0.0984554,340.437,171.4854,342.223
4,0.5008928,-1.152502,0.9088053,-0.4309992,0.1643301,-0.9685297,-0.1594705,-0.09754655,340.0644,171.6485,342.211
4,0.513008,-1.153128,0.9099028,-0.4307801,0.165096,-0.9680271,-0.1624522,-0.09631231,339.7377,171.8603,342.0996
4,0.5249722,-1.153873,0.9110574,-0.4304458,0.166674,-0.9674025,-0.1654439,-0.09476718,339.4091,172.1283,341.881
4,0.5358216,-1.15463,0.9121389,-0.4302347,0.1681733,-0.9667963,-0.1683079,-0.09324858,339.096,172.3911,341.67
4,0.5479784,-1.155255,0.9131613,-0.4300156,0.1694209,-0.9662002,-0.1710086,-0.09224913,338.7944,172.585,341.4988
4,0.559048,-1.155984,0.9143903,-0.4298726,0.1704944,-0.9655184,-0.17427,-0.09130269,338.4289,172.7795,341.3488
4,0.5708549,-1.157209,0.9166445,-0.4294468,0.171512,-0.9644157,-0.1799595,-0.09000355,337.7911,173.0597,341.1957
4,0.596988,-1.157761,0.9175264,-0.4292758,0.1722075,-0.9639469,-0.1822146,-0.08915752,337.5425,173.2185,341.0899
4,0.6081988,-1.158448,0.9184101,-0.4291744,0.1734349,-0.9634855,-0.1841203,-0.08784041,337.3399,173.4415,340.9066
4,0.6191968,-1.159038,0.9191031,-0.4290006,0.1745566,-0.9630587,-0.1858183,-0.08671561,337.1586,173.636,340.74
4,0.6314679,-1.159611,0.9197665,-0.4289415,0.1753709,-0.9627439,-0.1871518,-0.08569476,337.0197,173.8041,340.6133
4,0.6420012,-1.16014,0.9204584,-0.4288687,0.1760665,-0.962399,-0.1886131,-0.08493432,336.8618,173.9408,340.5068
4,0.6533636,-1.160699,0.9211301,-0.4287828,0.1769663,-0.9619479,-0.1902703,-0.08447844,336.6741,174.0502,340.3813
4,0.6654726,-1.161111,0.9217695,-0.4287156,0.1776626,-0.9615747,-0.191484,-0.08452216,336.529,174.0861,340.2935
4,0.6798177,-1.16161,0.9223495,-0.4286681,0.1790135,-0.961141,-0.1927043,-0.08383068,336.394,174.2281,340.1061
4,0.6930014,-1.162151,0.9228302,-0.4286116,0.1802815,-0.9607514,-0.1938583,-0.0829123,336.2721,174.3947,339.9229
4,0.7051513,-1.162607,0.9232212,-0.4286147,0.1809395,-0.9605542,-0.1946287,-0.08195388,336.1991,174.543,339.8152
4,0.7177743,-1.163014,0.9233823,-0.4285126,0.1811124,-0.9604388,-0.1954218,-0.08103117,336.1256,174.675,339.7685
4,0.72921,-1.163467,0.9238726,-0.4285963,0.1795586,-0.9606322,-0.1962457,-0.08020139,336.0561,174.7509,339.939
4,0.7541817,-1.163796,0.9239752,-0.4285885,0.1789278,-0.9606838,-0.1966784,-0.07993257,336.0151,174.7754,340.0096
4,0.766138,-1.163947,0.9240218,-0.4286609,0.1788371,-0.9607278,-0.1965842,-0.07983807,336.0284,174.7826,340.0188
4,0.7771169,-1.164145,0.924055,-0.4287139,0.1788283,-0.9607562,-0.196562,-0.07957104,336.0364,174.8142,340.0133
4,0.7873266,-1.164213,0.923954,-0.4286952,0.1784541,-0.9609003,-0.1963147,-0.0792813,336.0729,174.8344,340.0535
4,0.7985075,-1.164292,0.9239206,-0.4287682,0.1778198,-0.9610872,-0.1960064,-0.07920307,336.1135,174.8211,340.1316
4,0.8103485,-1.164253,0.9238166,-0.4288359,0.1774018,-0.9612535,-0.1954123,-0.07958993,336.1765,174.7516,340.195
4,0.8218883,-1.16433,0.9237292,-0.4286956,0.1782783,-0.9611074,-0.1952356,-0.07982945,336.1873,174.7422,340.0923
4,0.8340507,-1.164354,0.9237114,-0.4287194,0.1792476,-0.9609635,-0.1949343,-0.08012682,336.2107,174.7256,339.9799
4,0.8465463,-1.164328,0.9237069,-0.4287359,0.1795797,-0.9609325,-0.1947179,-0.08028138,336.2307,174.7113,339.943
4,0.8585696,-1.164144,0.923596,-0.4286346,0.1790717,-0.9610393,-0.1947255,-0.08011869,336.2359,174.7178,340.0022
4,0.8708951,-1.163977,0.9235282,-0.4286501,0.1778081,-0.961303,-0.19462,-0.08002558,336.2569,174.694,340.1575
4,0.8832421,-1.163519,0.9231325,-0.4286795,0.1752432,-0.9618561,-0.1940205,-0.08049092,336.3311,174.5593,340.4896
4,0.9104517,-1.163327,0.9230214,-0.4287066,0.1752195,-0.9619137,-0.1935313,-0.08103088,336.377,174.484,340.507
4,0.9219009,-1.163282,0.922812,-0.4286926,0.1762604,-0.9617665,-0.192983,-0.08182406,336.4185,174.4046,340.3985
4,0.9346305,-1.163228,0.9226933,-0.4287332,0.1774922,-0.9615896,-0.192617,-0.08210275,336.4479,174.3957,340.2531
4,0.9511809,-1.163077,0.9225447,-0.4287433,0.1772049,-0.961733,-0.1922727,-0.08185112,336.4944,174.412,340.2835
4,0.9638932,-1.16306,0.9224272,-0.4288006,0.1765927,-0.961944,-0.1919654,-0.08141333,336.5422,174.4431,340.3496
4,0.9756106,-1.163076,0.9223242,-0.428849,0.1760388,-0.9621335,-0.1916798,-0.08104745,336.5856,174.4676,340.4102
4,0.9873565,-1.163173,0.9220513,-0.4290178,0.1757555,-0.9622741,-0.1912897,-0.0809136,336.6349,174.4689,340.443
4,0.9988425,-1.163195,0.9219151,-0.4290723,0.175162,-0.9624718,-0.1908463,-0.08089659,336.6898,174.4473,340.5173
4,1.010761,-1.1632,0.9217778,-0.4291421,0.1741733,-0.9627603,-0.1903437,-0.08078194,336.7558,174.4264,340.6382
4,1.021304,-1.163163,0.9215213,-0.4291751,0.1735183,-0.96298,-0.1898531,-0.08072799,336.8173,174.4069,340.7192
4,1.033351,-1.16365,0.9211818,-0.4292114,0.1749425,-0.9629064,-0.1894037,-0.07957929,336.8836,174.5729,340.5161
5,0,-1.057511,0.8786982,-0.4658077,0.1985067,-0.9723278,-0.04668796,-0.113991,352.1808,168.1679,337.7341
5,0.0113045,-1.056816,0.8793677,-0.4655494,0.2003051,-0.9716848,-0.04800665,-0.1157673,351.9711,168.0075,337.5489
5,0.022609,-1.056443,0.8799791,-0.4651498,0.2023098,-0.9711182,-0.04887357,-0.1166695,351.8288,167.9394,337.3288
5,0.0360807,-1.054807,0.8815193,-0.464227,0.204767,-0.9700253,-0.04991016,-0.1209569,351.5837,167.4932,337.0842
5,0.0598087,-1.053771,0.8820734,-0.4639027,0.2053646,-0.9695765,-0.05043071,-0.1233034,351.4636,167.2418,337.0381
5,0.0725604,-1.052661,0.8826963,-0.4633101,0.2053236,-0.9692448,-0.05115527,-0.1256585,351.3287,166.9881,337.0695
5,0.0843052,-1.051546,0.8833361,-0.4627063,0.205246,-0.9688938,-0.0520583,-0.128097,351.1725,166.728,337.1081
5,0.0953325,-1.050151,0.8842628,-0.4620885,0.2049469,-0.9684619,-0.05310268,-0.1313728,350.9843,166.3728,337.182
5,0.1057149,-1.048513,0.885007,-0.4612308,0.2048805,-0.9678914,-0.05394522,-0.1352783,350.8013,165.9429,337.2329
5,0.1179883,-1.046629,0.885762,-0.4602862,0.205402,-0.9671148,-0.05441089,-0.1397804,350.6384,165.4418,337.2171
5,0.1292763,-1.044729,0.8865557,-0.4595313,0.2061478,-0.9663433,-0.05435546,-0.1439768,350.5369,164.9666,337.1669
5,0.1417067,-1.0428,0.8871272,-0.458612,0.2068647,-0.9655464,-0.05400501,-0.1483604,350.4639,164.4633,337.1187
5,0.152911,-1.040894,0.8876826,-0.457718,0.2078228,-0.9647027,-0.05372019,-0.1525536,350.3833,163.9852,337.0414
5,0.1644236,-1.039223,0.8883178,-0.4568381,0.2087886,-0.9638327,-0.05386037,-0.1566308,350.2569,163.529,336.968
5,0.1755516,-1.037199,0.8889378,-0.4558598,0.2092403,-0.963012,-0.05417357,-0.1609092,350.1147,163.0478,336.9597
5,0.1868237,-1.032323,0.8905516,-0.4536684,0.2076863,-0.9616854,-0.05520821,-0.1702343,349.8109,161.9787,337.2469
5,0.2117206,-1.030409,0.891071,-0.4528064,0.2068592,-0.9612515,-0.05552901,-0.1735552,349.7142,161.5932,337.3815
5,0.2246081,-1.028401,0.8916059,-0.4518934,0.2062373,-0.9607219,-0.05580258,-0.1771035,349.6144,161.1821,337.4941
5,0.2351584,-1.026446,0.8921516,-0.4510596,0.206275,-0.9600286,-0.0562553,-0.1806412,349.4824,160.782,337.5327
5,0.2459212,-1.024502,0.8927937,-0.4502022,0.2063011,-0.9593241,-0.0572454,-0.1840116,349.2947,160.4111,337.5802
5,0.2575113,-1.022158,0.8936198,-0.4491493,0.2059956,-0.9584792,-0.0588437,-0.1882046,349.0274,159.9522,337.6863
5,0.2684428,-1.020286,0.8944675,-0.4483999,0.2050628,-0.9578189,-0.06049205,-0.1920238,348.7766,159.5294,337.8644
5,0.2824971,-1.018393,0.895149,-0.4475677,0.2039461,-0.957259,-0.06202398,-0.195485,348.5518,159.1426,338.0595
5,0.293739,-1.016583,0.8957868,-0.4467753,0.2030038,-0.956688,-0.06335817,-0.1988045,348.3493,158.7693,338.2306
5,0.3046169,-1.014993,0.8965319,-0.4459378,0.2026707,-0.9560763,-0.06436186,-0.2017433,348.1796,158.4405,338.3213
5,0.3159512,-1.013359,0.8971609,-0.4452245,0.203346,-0.955364,-0.06519797,-0.2041551,348.018,158.1815,338.2857
5,0.3261843,-1.011819,0.8978415,-0.4444984,0.2042275,-0.9546759,-0.06583905,-0.2062773,347.8797,157.9553,338.2195
5,0.3379705,-1.007964,0.8992283,-0.4427716,0.2043291,-0.9531144,-0.06794807,-0.2126164,347.5016,157.2512,338.324
5,0.3663874,-1.006295,0.8998233,-0.4423046,0.2030308,-0.952579,-0.06922592,-0.2158231,347.3189,156.8808,338.5402
5,0.3776557,-1.004748,0.9004165,-0.4414474,0.2014652,-0.9520061,-0.07088857,-0.2192515,347.0961,156.4862,338.799
5,0.3891436,-1.003134,0.9010248,-0.4405865,0.2006109,-0.9513037,-0.07223124,-0.2226191,346.8943,156.1008,338.9691
5,0.4009693,-1.00185,0.9018259,-0.4397461,0.2003404,-0.950563,-0.07330158,-0.2256559,346.7164,155.7565,339.0623
5,0.4138851,-1.00092,0.9023159,-0.4392027,0.2013998,-0.9498274,-0.07383535,-0.2276275,346.5881,155.546,338.9759
5,0.4253549,-1.000177,0.9028051,-0.438795,0.2037264,-0.9489821,-0.07419845,-0.2289612,346.4604,155.4249,338.7296
5,0.4361343,-0.9993208,0.9034314,-0.4384354,0.2051394,-0.9483423,-0.07479098,-0.230155,346.3328,155.3122,338.5929
5,0.4483718,-0.9988648,0.9038695,-0.4381402,0.205514,-0.9480237,-0.07607256,-0.2307122,346.1685,155.2725,338.5832
5,0.4590522,-0.9984088,0.9043336,-0.4379639,0.2042488,-0.9479184,-0.077607,-0.2317548,346.0071,155.1569,338.7774
5,0.4711514,-0.9979189,0.9046804,-0.4376762,0.2033597,-0.9477832,-0.07893377,-0.2326401,345.8629,155.0611,338.9214
5,0.4835063,-0.9974636,0.9050696,-0.4373979,0.2020888,-0.9476677,-0.08054297,-0.2336641,345.6942,154.9475,339.1183
5,0.4940456,-0.9973177,0.9064822,-0.4370154,0.2040878,-0.9462703,-0.08433834,-0.2362369,345.1648,154.7295,339.0016
5,0.520832,-0.9971972,0.9070903,-0.4367599,0.2056514,-0.9455187,-0.08603466,-0.2372761,344.9129,154.6551,338.8696
5,0.532451,-0.9971917,0.9080576,-0.4363561,0.207293,-0.9446093,-0.08847202,-0.2385702,344.5706,154.5634,338.7479
5,0.5436074,-0.997299,0.9088,-0.4361009,0.2086076,-0.9439752,-0.09047993,-0.2391802,344.2993,154.542,338.645
5,0.5571828,-0.9972667,0.9095764,-0.4357746,0.2090429,-0.9435726,-0.09212029,-0.2397616,344.0925,154.5049,338.6373
5,0.5691056,-0.9973427,0.9100945,-0.435575,0.2088906,-0.9434596,-0.09360755,-0.2397636,343.9308,154.5253,338.6863
5,0.5811507,-0.9974093,0.910587,-0.435397,0.208316,-0.9434699,-0.09506407,-0.23965,343.786,154.5522,338.7824
5,0.5924278,-0.9974632,0.9110736,-0.4351819,0.2078057,-0.9434054,-0.09664083,-0.2397157,343.6221,154.5601,338.8764
5,0.6034729,-0.9975075,0.9116954,-0.4351779,0.2076296,-0.9431723,-0.09829298,-0.2401138,343.4337,154.5345,338.9382
5,0.6150044,-0.9975007,0.9121999,-0.4349188,0.2075156,-0.9428447,-0.09997144,-0.2408048,343.2344,154.4748,338.9982
5,0.6261595,-0.9974427,0.9126228,-0.4346399,0.2076438,-0.9424304,-0.101321,-0.2417501,343.0599,154.3834,339.0274
5,0.6369012,-0.9973636,0.9131937,-0.4344025,0.2079862,-0.941994,-0.1024531,-0.242678,342.9044,154.2942,339.0267
5,0.6487751,-0.9971876,0.9134799,-0.4339128,0.2085954,-0.9414542,-0.1024139,-0.2442608,342.8581,154.1136,338.9816
5,0.6746588,-0.9971292,0.9134578,-0.433814,0.2086806,-0.9413806,-0.1020662,-0.2446174,342.8868,154.067,338.9705
5,0.6854455,-0.9970655,0.9134663,-0.4337141,0.2086471,-0.9413115,-0.1019567,-0.244957,342.8925,154.024,338.978
5,0.695577,-0.9970132,0.913397,-0.4336672,0.2083153,-0.9413818,-0.1017761,-0.2450446,342.9196,154.0052,339.0149
5,0.7056686,-0.997036,0.9131777,-0.4336693,0.2080214,-0.9415156,-0.1015258,-0.2448839,342.9589,154.016,339.0415
5,0.7159609,-0.9970553,0.9129871,-0.4337235,0.2079693,-0.9416571,-0.1008896,-0.2446467,343.0363,154.0343,339.0301
5,0.7269356,-0.9969954,0.9125148,-0.4335408,0.2077007,-0.9417871,-0.100369,-0.2445892,343.1028,154.0291,339.0497
5,0.7374513,-0.9970758,0.9124982,-0.4337823,0.2074678,-0.9419414,-0.0997196,-0.2444582,343.1843,154.0315,339.0611
5,0.7484748,-0.9971083,0.9123343,-0.4338483,0.2075642,-0.9419605,-0.09926,-0.2444898,343.2323,154.0226,339.0405
5,0.7598554,-0.9971349,0.9121729,-0.4339013,0.2083878,-0.941695,-0.09930058,-0.2447951,343.1991,154.0001,338.9495
5,0.7712936,-0.9972104,0.9121816,-0.4339148,0.2092963,-0.9414365,-0.09936836,-0.2449866,343.1631,153.9931,338.847
5,0.7822328,-0.9973204,0.9123062,-0.4339198,0.2100892,-0.9411806,-0.09974577,-0.2451379,343.0966,153.9937,338.764
5,0.793411,-0.9974687,0.9124784,-0.4339287,0.2103891,-0.9411056,-0.1003231,-0.2449324,343.0288,154.032,338.7373
5,0.8044791,-0.997529,0.9129503,-0.4338661,0.2098968,-0.9412191,-0.1018643,-0.2442822,342.8843,154.1248,338.8167
5,0.8286815,-0.9979062,0.9131035,-0.4336773,0.2102011,-0.9411389,-0.1028407,-0.2439203,342.7753,154.188,338.7948
5,0.8388315,-0.9981058,0.9135325,-0.4336095,0.2106925,-0.9409364,-0.1042531,-0.2436775,342.6101,154.2466,338.7618
5,0.8490583,-0.9983031,0.9139602,-0.4335321,0.211282,-0.9407213,-0.1055319,-0.2434473,342.4568,154.3034,338.7145
5,0.8605307,-0.9983758,0.914338,-0.4334765,0.2118367,-0.9405014,-0.1065674,-0.2433636,342.3284,154.3386,338.6686
5,0.8714234,-0.9985085,0.9146878,-0.4334086,0.2122918,-0.9402906,-0.1076257,-0.2433156,342.1993,154.3681,338.6356
5,0.882697,-0.9986141,0.9150319,-0.4333377,0.2125757,-0.940123,-0.10847,-0.2433409,342.097,154.3826,338.6197
5,0.8940158,-0.9989678,0.9152328,-0.4333476,0.2128639,-0.9399812,-0.109257,-0.2432843,342.0027,154.4062,338.6006
5,0.9055526,-0.9990647,0.9154079,-0.4333291,0.2129656,-0.9399413,-0.1095952,-0.2431979,341.9642,154.4235,338.5938
5,0.9173341,-0.9991465,0.9155712,-0.4333085,0.2128961,-0.9399439,-0.1099932,-0.2430684,341.9244,154.4437,338.6078
5,0.928581,-0.9992545,0.9156909,-0.4331413,0.2130238,-0.9398996,-0.1105886,-0.242858,341.8592,154.4802,338.6008
5,0.9392472,-0.9993882,0.9158409,-0.4331412,0.213202,-0.9398793,-0.111065,-0.2425623,341.8078,154.5262,338.5838
5,0.9498086,-0.9995213,0.9159955,-0.4331236,0.2133914,-0.939842,-0.1115889,-0.2422998,341.7502,154.5691,338.567
5,0.9612756,-0.9996685,0.9158885,-0.4331362,0.2130162,-0.9398638,-0.1117002,-0.2424939,341.7432,154.5405,338.6175
5,0.9942744,-0.9995923,0.9157258,-0.4331027,0.2124096,-0.9399861,-0.1112922,-0.2427394,341.7993,154.4938,338.6859
5,1.005724,-0.9995693,0.915519,-0.4331658,0.2121392,-0.9401432,-0.1105544,-0.2427047,341.8896,154.4823,338.7024
5,1.017269,-0.9996054,0.9153296,-0.4332272,0.2117032,-0.9403889,-0.1099613,-0.2424029,341.9741,154.5022,338.7365
5,1.028258,-0.9995992,0.915069,-0.433403,0.2118371,-0.940515,-0.1094499,-0.242028,342.036,154.5423,338.7033
5,1.040049,-0.9996411,0.9149568,-0.4334541,0.21205,-0.9405196,-0.109161,-0.2419541,342.0643,154.5507,338.6708
5,1.050923,-0.9996336,0.9149137,-0.4334093,0.2119684,-0.94046,-0.109249,-0.2422175,342.0508,154.5188,338.6871
5,1.062061,-0.9996283,0.9146992,-0.4334705,0.211733,-0.9404162,-0.1091657,-0.2426303,342.0572,154.4636,338.7209
6,0,-1.063111,0.8684036,-0.453967,0.1845079,-0.975802,-0.04113137,-0.1098883,353.0604,168.4191,339.29
6,0.0231592,-1.06385,0.8681649,-0.4544137,0.1843628,-0.9759872,-0.04139546,-0.1083778,353.0638,168.5955,339.2993
6,0.0463184,-1.065671,0.8674687,-0.4546215,0.1857009,-0.976325,-0.04082672,-0.1031402,353.2218,169.1905,339.1035
6,0.0756314,-1.06656,0.8671536,-0.4546444,0.1861496,-0.9765043,-0.04031073,-0.1008101,353.3238,169.4486,339.0317
6,0.0890043,-1.067548,0.8667636,-0.4545897,0.1865335,-0.976728,-0.0397091,-0.09813735,353.4436,169.7434,338.965
6,0.1014792,-1.068624,0.8663961,-0.4541779,0.1866469,-0.9770516,-0.03887162,-0.09498465,353.603,170.0859,338.9255
6,0.1142967,-1.069847,0.8656754,-0.4539925,0.1873747,-0.9773362,-0.03718115,-0.09122735,353.8654,170.4834,338.805
6,0.1271066,-1.07103,0.8648905,-0.4537275,0.1886582,-0.9774699,-0.03579146,-0.08763364,354.086,170.871,338.6243
6,0.1395291,-1.072383,0.8640013,-0.4536008,0.1905909,-0.977584,-0.03331704,-0.08303478,354.4456,171.3526,338.3561
6,0.1516352,-1.073968,0.8628509,-0.4535059,0.1922225,-0.9778571,-0.03013375,-0.07705891,354.9193,171.9713,338.1145
6,0.1643485,-1.075411,0.8617851,-0.4533784,0.1938796,-0.9779994,-0.02757063,-0.07188734,355.3078,172.5097,337.8813
6,0.1767586,-1.076962,0.8606716,-0.4533533,0.1960363,-0.9780335,-0.02454337,-0.0664672,355.7523,173.0662,337.5892
6,0.1889215,-1.078514,0.8596115,-0.4533379,0.197434,-0.978081,-0.02191401,-0.06242943,356.1285,173.4697,337.3964
6,0.202107,-1.081892,0.8581125,-0.4538534,0.2037736,-0.9772782,-0.01873615,-0.05525151,356.6096,174.2302,336.6148
6,0.2345937,-1.083383,0.8575767,-0.4542708,0.2065887,-0.976943,-0.01701421,-0.05112955,356.8833,174.6633,336.265
6,0.2478085,-1.085063,0.8568722,-0.4548757,0.2084389,-0.9768138,-0.01501089,-0.04650718,357.2078,175.1412,336.0275
6,0.2610255,-1.086804,0.8560836,-0.4555841,0.2094952,-0.9768713,-0.01267891,-0.0409126,357.5978,175.7168,335.8817
6,0.2733099,-1.089126,0.8550527,-0.4565759,0.2104148,-0.976994,-0.01027586,-0.03320828,358.0485,176.5258,335.7509
6,0.285595,-1.091299,0.8541694,-0.4574168,0.2109099,-0.9771153,-0.008681089,-0.02622163,358.394,177.2717,335.6775
6,0.2992764,-1.093708,0.8533705,-0.4583125,0.2110723,-0.9772404,-0.007869199,-0.01969564,358.6423,177.9838,335.6479
6,0.3118776,-1.0961,0.8526,-0.4591773,0.2114868,-0.9772726,-0.00728482,-0.01259506,358.8789,178.7657,335.5905
6,0.3251627,-1.097931,0.8521103,-0.4597962,0.21276,-0.9770501,-0.007288173,-0.007303506,359.0059,179.3599,335.4359
6,0.3381999,-1.1007,0.8511461,-0.4605896,0.2153049,-0.9765241,-0.006683454,0.0002047718,359.2571,180.1878,335.1314
6,0.3490486,-1.102894,0.850353,-0.4612503,0.2170293,-0.9761246,-0.006053776,0.006522268,359.485,180.8802,334.9258
6,0.3622378,-1.107527,0.8479562,-0.4627485,0.2151539,-0.9763732,-0.002729908,0.01992121,0.1857209,182.2968,335.1495
6,0.391468,-1.109086,0.8470763,-0.4633445,0.2140631,-0.9765247,-0.001338311,0.02397737,0.4384058,182.717,335.282
6,0.4045916,-1.110654,0.8460451,-0.4638574,0.2142601,-0.9763687,-0.0002157986,0.02822983,0.6689807,183.1656,335.2642
6,0.4160484,-1.112368,0.8451376,-0.4645064,0.2182381,-0.9753793,0.001230173,0.0317176,0.9307388,183.517,334.8045
6,0.4284254,-1.113708,0.8442074,-0.4650332,0.222192,-0.9743511,0.002745569,0.03554317,1.211616,183.9025,334.3491
6,0.4404144,-1.115187,0.8433284,-0.4655171,0.2246586,-0.9736511,0.004454441,0.03889105,1.498373,184.2298,334.0695
6,0.4517634,-1.116481,0.8424804,-0.4659284,0.2259901,-0.9732068,0.006044887,0.04196259,1.761097,184.53,333.9235
6,0.4632861,-1.117888,0.8415861,-0.4663742,0.2252093,-0.9732206,0.007839747,0.04540092,2.046411,184.8699,334.0285
6,0.4741409,-1.118967,0.8407452,-0.4667385,0.2240035,-0.9733533,0.009434178,0.04813483,2.288447,185.1377,334.1824
6,0.4869694,-1.120014,0.8399713,-0.4670488,0.2239855,-0.9732026,0.01089151,0.05088177,2.521418,185.4081,334.1969
6,0.4984266,-1.120967,0.8393246,-0.4674842,0.224469,-0.9729428,0.01249654,0.05329123,2.765095,185.6357,334.1532
6,0.5099595,-1.121697,0.8386112,-0.4677601,0.2251686,-0.9726617,0.01421162,0.05501363,3.004872,185.7828,334.0834
6,0.5214456,-1.122893,0.837315,-0.4682379,0.227482,-0.9719957,0.01778894,0.05621436,3.448828,185.8181,333.8309
6,0.5456187,-1.122893,0.8366896,-0.4684485,0.2282302,-0.9718263,0.01964712,0.05548704,3.641582,185.6862,333.7484
6,0.5576869,-1.122898,0.836035,-0.4686612,0.2292225,-0.971587,0.0216189,0.05485028,3.850603,185.5602,333.6374
6,0.5698656,-1.122636,0.8357207,-0.4689969,0.230658,-0.9712803,0.02367732,0.05339456,4.049966,185.338,333.4708
6,0.5813351,-1.122059,0.8350636,-0.4690784,0.2329812,-0.9707699,0.02619147,0.05137786,4.289267,185.0367,333.1977
6,0.5921491,-1.121565,0.8344736,-0.4691441,0.2350516,-0.9702945,0.02855257,0.04964036,4.516427,184.7706,332.9533
6,0.6035461,-1.121034,0.8341182,-0.4691937,0.2373941,-0.969726,0.0308363,0.04821834,4.743721,184.5396,332.6766
6,0.6145036,-1.120448,0.8335468,-0.4692061,0.2406808,-0.9689224,0.0331165,0.0465363,4.966623,184.2736,332.2855
6,0.6256089,-1.119784,0.8330684,-0.4691898,0.2433734,-0.968263,0.03514863,0.04473048,5.154324,184.0022,331.9621
6,0.6369159,-1.119267,0.8328956,-0.4693269,0.2454151,-0.967748,0.03683142,0.04334494,5.311019,183.79,331.7161
6,0.6482738,-1.118475,0.8326677,-0.4692813,0.2454298,-0.9678009,0.03742448,0.04153779,5.326326,183.5718,331.7063
6,0.6595544,-1.117584,0.8324375,-0.4692388,0.2450312,-0.9679464,0.03834172,0.03961846,5.373103,183.3344,331.745
6,0.671577,-1.115943,0.8325871,-0.4692212,0.2443983,-0.9682548,0.03921831,0.03484604,5.335024,182.7811,331.7972
6,0.6995385,-1.115453,0.8326786,-0.4691074,0.2453848,-0.9680707,0.03938849,0.03277171,5.29853,182.5396,331.6702
6,0.7110416,-1.114637,0.8328085,-0.4690106,0.2455749,-0.9680967,0.03941657,0.03046739,5.237371,182.2808,331.6366
6,0.7223085,-1.113718,0.8328779,-0.468878,0.2450867,-0.9682651,0.04002629,0.02816787,5.239506,182.01,331.6833
6,0.7343552,-1.113061,0.8330572,-0.468567,0.2453243,-0.9682202,0.04068294,0.02665636,5.270563,181.8218,331.6475
6,0.7472088,-1.112628,0.8330808,-0.468484,0.2467041,-0.967866,0.04122132,0.02595267,5.313124,181.7207,331.48
6,0.7595802,-1.112164,0.8331263,-0.4684157,0.2479973,-0.9675472,0.0415571,0.02495944,5.324517,181.5934,331.3215
6,0.7707323,-1.111849,0.833286,-0.4684339,0.2496765,-0.9671406,0.04146357,0.02411991,5.292861,181.4933,331.1182
6,0.7819272,-1.111494,0.8333985,-0.4684094,0.2500693,-0.967074,0.04127843,0.02300718,5.24101,181.3726,331.0665
6,0.7930484,-1.111123,0.8334978,-0.4683852,0.2499365,-0.9671301,0.04133132,0.02197397,5.217096,181.2568,331.0773
6,0.8044586,-1.111072,0.8334429,-0.4682057,0.2485659,-0.9674878,0.04149844,0.02146214,5.219296,181.2025,331.2373
6,0.8160582,-1.110918,0.833485,-0.4681935,0.2481559,-0.9675995,0.04152712,0.02111074,5.211977,181.1647,331.2843
6,0.8271419,-1.110726,0.8336221,-0.4682365,0.2484823,-0.967556,0.04079048,0.0206967,5.118715,181.1379,331.2446
6,0.8506793,-1.110686,0.8337377,-0.4682642,0.2482334,-0.9676391,0.04046961,0.02042437,5.075016,181.118,331.2733
6,0.8625377,-1.110709,0.8338157,-0.468311,0.2479152,-0.9677269,0.04033441,0.02039573,5.058809,181.1203,331.3111
6,0.8727939,-1.110767,0.8337971,-0.4681656,0.2480423,-0.9676942,0.04031527,0.02044284,5.058168,181.1254,331.2963
6,0.8830712,-1.110836,0.8338029,-0.4681991,0.2479835,-0.9677009,0.04046893,0.02053544,5.077809,181.1317,331.3035
6,0.8947216,-1.110903,0.833806,-0.4682315,0.2479288,-0.9677018,0.04067077,0.02075142,5.106315,181.1503,331.3107
6,0.9047972,-1.111002,0.8337069,-0.468116,0.2479921,-0.9676737,0.04079667,0.02105987,5.129151,181.1807,331.3045
6,0.9163025,-1.111138,0.8337216,-0.468147,0.2474582,-0.9677993,0.04088678,0.02138451,5.147726,181.2172,331.3692
6,0.9272741,-1.111254,0.8337501,-0.4681734,0.247174,-0.9678657,0.04085369,0.02172774,5.153415,181.2579,331.4046
6,0.9382029,-1.111367,0.8337077,-0.4681301,0.2470165,-0.9679062,0.04055719,0.02226025,5.135328,181.3264,331.4261
6,0.9494446,-1.111547,0.8338547,-0.4681624,0.2466783,-0.9680098,0.03993114,0.02264091,5.076025,181.3883,331.4687
6,0.9605682,-1.111428,0.8337966,-0.4680343,0.2464294,-0.9680949,0.03944769,0.02255827,5.019584,181.394,331.4983
6,0.9798122,-1.111026,0.8340323,-0.4679368,0.2442877,-0.9687111,0.03879056,0.02043706,4.884003,181.1872,331.7433
6,1.006261,-1.110679,0.8339365,-0.4679949,0.2437105,-0.9688572,0.03917496,0.01965925,4.904329,181.0927,331.8078
6,1.018031,-1.110564,0.8338234,-0.4679651,0.2441703,-0.9687221,0.03977873,0.01939571,4.964633,181.044,331.7513
7,0,-1.071119,0.8699616,-0.4466307,0.289941,-0.9494253,-0.02980417,-0.1167805,352.8589,168.1082,326.7808
7,0.0110213,-1.071302,0.8697584,-0.4469132,0.2897042,-0.9495969,-0.02955811,-0.1160321,352.9136,168.1819,326.8024
7,0.0220426,-1.071648,0.8694593,-0.4470063,0.2896365,-0.9497676,-0.02911267,-0.114912,353.0002,168.2918,326.7999
7,0.0343314,-1.071968,0.8692086,-0.4472451,0.2896637,-0.9499309,-0.0282277,-0.1137076,353.1366,168.3977,326.7819
7,0.0447164,-1.072259,0.8688442,-0.447464,0.2888173,-0.9503632,-0.02751167,-0.1124172,353.2679,168.5124,326.8697
7,0.055383,-1.072639,0.86827,-0.4477818,0.2887511,-0.9505323,-0.02677079,-0.1113312,353.3856,168.6091,326.8651
7,0.0665886,-1.072901,0.8679198,-0.4479933,0.2884616,-0.9507539,-0.02603954,-0.1103589,353.5012,168.6919,326.8882
7,0.0776664,-1.073182,0.8675041,-0.448211,0.288243,-0.950989,-0.02502683,-0.1091307,353.6551,168.7946,326.8991
7,0.0888066,-1.073476,0.8669378,-0.4485902,0.288747,-0.9510252,-0.0239163,-0.1077223,353.8173,168.9188,326.822
7,0.1008755,-1.07377,0.8663639,-0.4488769,0.2891124,-0.9511218,-0.02235954,-0.1062144,354.0334,169.0387,326.7576
7,0.1117881,-1.074062,0.865826,-0.4491122,0.2891852,-0.9512948,-0.02090459,-0.1047529,354.2402,169.1545,326.7296
7,0.1231233,-1.074586,0.8637804,-0.4498779,0.2892272,-0.9518524,-0.01545328,-0.1004283,354.9795,169.4585,326.6599
7,0.1467559,-1.074898,0.8627727,-0.4502401,0.2892975,-0.9521074,-0.01269308,-0.0981707,355.3556,169.6194,326.6193
7,0.1591579,-1.075259,0.8612674,-0.4507365,0.2886397,-0.9526563,-0.008982643,-0.09514588,355.8688,169.8308,326.6558
7,0.1701612,-1.075613,0.8597211,-0.4511911,0.2876601,-0.9532791,-0.004857779,-0.09212562,356.4303,170.027,326.7283
7,0.1823384,-1.076008,0.8579297,-0.4516711,0.2860653,-0.9540979,-0.0002681017,-0.08867857,357.0625,170.2538,326.8701
7,0.1941785,-1.076274,0.8559612,-0.4523525,0.2841379,-0.9549444,0.004091769,-0.08561653,357.6595,170.4457,327.0555
7,0.2064771,-1.076465,0.8540701,-0.4527875,0.2823312,-0.9556617,0.008383572,-0.08324516,358.2246,170.5654,327.2291
7,0.2186433,-1.076654,0.8523204,-0.4532706,0.2814876,-0.956063,0.01239626,-0.08096117,358.7465,170.6871,327.2907
7,0.2309722,-1.076892,0.8503212,-0.4536809,0.2817747,-0.9561104,0.01731892,-0.07846189,359.364,170.8044,327.2097
7,0.2437649,-1.077154,0.8485688,-0.4541054,0.2823775,-0.9560578,0.022111,-0.07568276,359.9734,170.9555,327.0924
7,0.2562771,-1.077235,0.8466313,-0.4544469,0.2830087,-0.9559813,0.02708527,-0.07261214,0.6122913,171.1313,326.9708
7,0.268139,-1.077502,0.8448216,-0.4548333,0.2840696,-0.9557316,0.03182194,-0.06977859,1.213759,171.2866,326.8008
7,0.2794971,-1.077591,0.8409786,-0.4555745,0.2849952,-0.9554248,0.04111601,-0.06519803,2.372967,171.4805,326.6044
7,0.3041987,-1.077502,0.8394196,-0.4558539,0.2839722,-0.9556368,0.04480007,-0.0641183,2.82064,171.479,326.6907
7,0.3148226,-1.07746,0.8378278,-0.4561003,0.2825759,-0.9559575,0.04854579,-0.06276557,3.287334,171.5074,326.821
7,0.3255326,-1.077399,0.8359252,-0.4562466,0.2804253,-0.9564799,0.05224565,-0.06146827,3.753801,171.5351,327.0414
7,0.3364314,-1.07728,0.8343947,-0.4564208,0.2776871,-0.9571389,0.05573639,-0.06057033,4.189516,171.5297,327.3324
7,0.3477242,-1.077292,0.8329223,-0.4566152,0.2765011,-0.9573634,0.05914213,-0.05920243,4.617416,171.5737,327.4406
7,0.3591508,-1.077412,0.831272,-0.4568342,0.2768862,-0.9571223,0.06281785,-0.05748823,5.072335,171.6394,327.3597
7,0.3698134,-1.077505,0.8298954,-0.4570591,0.2784929,-0.956497,0.06638213,-0.05611446,5.493548,171.6635,327.1325
7,0.3813463,-1.077513,0.8284566,-0.4572204,0.2804044,-0.9557886,0.06959212,-0.05475971,5.872838,171.6938,326.8725
7,0.3921353,-1.077544,0.8270954,-0.4574144,0.2816073,-0.9552472,0.0728993,-0.05372268,6.258611,171.6884,326.6937
7,0.4026928,-1.077371,0.8250896,-0.4576378,0.2817124,-0.9548743,0.07774096,-0.05300671,6.811332,171.6013,326.6245
7,0.4133859,-1.07726,0.8234353,-0.4577408,0.2810122,-0.9548354,0.08112863,-0.05234417,7.210224,171.5633,326.6687
7,0.4318859,-1.076877,0.8205495,-0.4577762,0.2787516,-0.9550775,0.08659111,-0.05125272,7.864388,171.5143,326.8745
7,0.4574078,-1.076891,0.8196963,-0.4581214,0.2784054,-0.9549719,0.08928822,-0.05046749,8.188751,171.5115,326.885
7,0.4692927,-1.076933,0.818694,-0.4582076,0.2791688,-0.9546006,0.09148218,-0.04933244,8.459701,171.5549,326.7716
7,0.4805017,-1.076894,0.8178194,-0.4583231,0.2803785,-0.9540961,0.0933215,-0.0487825,8.668668,171.5412,326.6049
7,0.4914454,-1.076858,0.8169897,-0.4584126,0.2814473,-0.9536179,0.09512607,-0.04849112,8.866486,171.5008,326.4534
7,0.5022947,-1.076636,0.8163766,-0.4584411,0.2819449,-0.9533317,0.09622171,-0.04906538,8.9629,171.3941,326.3734
7,0.5134062,-1.076276,0.8158891,-0.4584303,0.2815443,-0.9533062,0.09701131,-0.05029097,9.012193,171.2344,326.4005
7,0.5245736,-1.07594,0.8154091,-0.4583421,0.2810799,-0.9532951,0.09787322,-0.05141518,9.073454,171.0839,326.4347
7,0.5357599,-1.075398,0.81506,-0.4582312,0.2798799,-0.9534697,0.09868163,-0.05314904,9.115732,170.8748,326.553
7,0.5471246,-1.07497,0.8146124,-0.4581581,0.278987,-0.9535556,0.09976102,-0.05427593,9.2052,170.7205,326.635
7,0.5587904,-1.074324,0.8141906,-0.4580477,0.2778437,-0.9536734,0.1012256,-0.05535078,9.341269,170.561,326.7411
7,0.5700594,-1.073878,0.8136979,-0.4579533,0.277423,-0.953589,0.1027056,-0.05618048,9.480175,170.4212,326.7618
7,0.5819571,-1.073056,0.8125457,-0.4576722,0.2780845,-0.9529431,0.1058801,-0.0579479,9.762618,170.1065,326.6168
7,0.6085045,-1.072642,0.8120971,-0.4575963,0.2781854,-0.9527444,0.1068811,-0.05888531,9.840073,169.9659,326.5802
7,0.6201442,-1.072217,0.8112367,-0.4573099,0.2785214,-0.9524776,0.1078723,-0.05979982,9.914642,169.8257,326.5155
7,0.631151,-1.071901,0.8111602,-0.457446,0.2784281,-0.9523096,0.1090856,-0.06070083,10.01843,169.6834,326.4985
7,0.6428213,-1.071538,0.810531,-0.4573265,0.278003,-0.9522229,0.110607,-0.06125474,10.17103,169.5721,326.519
7,0.6546193,-1.071239,0.8098524,-0.4571692,0.277454,-0.9521615,0.1121917,-0.06181431,10.33179,169.4591,326.5528
7,0.6665455,-1.070973,0.8093573,-0.4570689,0.2770435,-0.9521397,0.1133147,-0.06194079,10.45495,169.4094,326.5815
7,0.6800984,-1.070899,0.8089668,-0.4570934,0.277387,-0.9519591,0.1138695,-0.06216258,10.50446,169.3611,326.5285
7,0.6926415,-1.070724,0.8087598,-0.4570904,0.2779557,-0.9517746,0.1138708,-0.06244451,10.4889,169.3235,326.4574
7,0.7054747,-1.070585,0.8085946,-0.4570746,0.2784422,-0.95164,0.1136702,-0.06269374,10.45324,169.2977,326.4001
7,0.7168552,-1.070432,0.8084761,-0.4570383,0.2780282,-0.9517499,0.1135303,-0.06311461,10.42857,169.2604,326.4485
7,0.7285873,-1.070302,0.8083675,-0.4570748,0.2774287,-0.9518842,0.1136707,-0.0634734,10.43873,169.222,326.5148
7,0.7406396,-1.070245,0.8078924,-0.4569178,0.2750812,-0.9524772,0.114718,-0.0629079,10.59834,169.2733,326.7841
7,0.7665406,-1.070251,0.8077309,-0.4568809,0.2745547,-0.9526182,0.1148441,-0.0628438,10.62015,169.2817,326.8458
7,0.7787735,-1.070197,0.807569,-0.4568418,0.2744634,-0.9526174,0.1149192,-0.063117,10.6204,169.2496,326.8529
7,0.7906126,-1.07012,0.8077043,-0.4569844,0.2747231,-0.9525075,0.1148472,-0.06377429,10.58797,169.1761,326.8167
7,0.804827,-1.07003,0.8076962,-0.4569424,0.2755583,-0.9522237,0.1148183,-0.06445661,10.55284,169.092,326.7104
7,0.8171657,-1.069813,0.8078173,-0.4568467,0.27563,-0.9521794,0.1146787,-0.06505042,10.51714,169.0301,326.6987
7,0.8312213,-1.069621,0.8078312,-0.4567435,0.2751411,-0.9522704,0.1145729,-0.06596747,10.48091,168.9371,326.7508
7,0.8436465,-1.069445,0.8077986,-0.4566422,0.2739576,-0.952563,0.1145997,-0.06661868,10.47611,168.8765,326.8865
7,0.8562593,-1.069261,0.8077853,-0.4563832,0.2723756,-0.9529597,0.114825,-0.06704289,10.50524,168.8386,327.0686
7,0.8687323,-1.069094,0.8076129,-0.4562569,0.2712965,-0.9531876,0.1153081,-0.06734875,10.56072,168.7992,327.1867
7,0.8815251,-1.068863,0.8074321,-0.4561343,0.2707735,-0.9532439,0.115735,-0.06792268,10.59491,168.7259,327.2364
7,0.8939085,-1.068302,0.8069427,-0.4559746,0.271924,-0.9525813,0.1175356,-0.06951156,10.72647,168.4722,327.0503
7,0.9213006,-1.067688,0.8069687,-0.4560018,0.2714584,-0.9524593,0.1187851,-0.07086501,10.82455,168.2819,327.07
7,0.9351091,-1.067279,0.8065504,-0.4558314,0.2723126,-0.9519318,0.1205235,-0.07173616,10.9756,168.1129,326.9261
7,0.949979,-1.067228,0.80651,-0.4559361,0.2745405,-0.9511092,0.1219561,-0.0717344,11.1045,168.0359,326.6309
7,0.9644558,-1.067082,0.806206,-0.4558431,0.2770055,-0.9502439,0.1231214,-0.07173276,11.20092,167.965,326.3117
7,0.9772151,-1.066848,0.8060523,-0.4557392,0.2777386,-0.949892,0.1237558,-0.07246366,11.23639,167.8517,326.2037
7,0.9898818,-1.066541,0.8061568,-0.4559018,0.2772481,-0.9498731,0.1243762,-0.07351971,11.27491,167.717,326.2401
7,1.003191,-1.06634,0.8060937,-0.4557937,0.2761827,-0.9501177,0.1245005,-0.07415661,11.28087,167.6539,326.3595
7,1.016636,-1.066183,0.8060311,-0.4556954,0.2748995,-0.9504369,0.1246509,-0.07458133,11.29968,167.6162,326.5067
7,1.027083,-1.066248,0.8063492,-0.4556468,0.2741845,-0.9506051,0.1247784,-0.07485479,11.31378,167.5894,326.5874
7,1.038845,-1.066152,0.8063633,-0.4555748,0.2737706,-0.9507139,0.1246576,-0.07519031,11.29483,167.5612,326.6363
7,1.050395,-1.066159,0.8069144,-0.4557861,0.2741771,-0.9506423,0.1242225,-0.07533273,11.23732,167.5564,326.5946
8,0,-1.066014,0.8671293,-0.4443939,0.2428838,-0.9625431,-0.03522127,-0.1152293,352.8898,168.0942,332.4181
8,0.011443,-1.065765,0.8671088,-0.4444135,0.2432639,-0.9623783,-0.03479737,-0.1159318,352.9128,168.0067,332.374
8,0.022886,-1.065552,0.8668691,-0.4442105,0.2440622,-0.9621711,-0.03400111,-0.1162087,352.9836,167.9602,332.2742
8,0.0362439,-1.064871,0.866377,-0.4440781,0.245081,-0.9618389,-0.03191348,-0.1174011,353.1693,167.7779,332.1421
8,0.0660461,-1.064518,0.8662668,-0.4439445,0.2450132,-0.9617754,-0.03135881,-0.1182089,353.2091,167.6718,332.15
8,0.0813389,-1.064149,0.8661318,-0.4437906,0.2449505,-0.9617004,-0.03079262,-0.1190943,353.2481,167.5566,332.1575
8,0.0922491,-1.06385,0.8660845,-0.4436666,0.2447318,-0.9616275,-0.0302396,-0.1202691,353.2795,167.4081,332.1853
8,0.1024991,-1.063223,0.8659587,-0.4433684,0.2441266,-0.961558,-0.02955624,-0.1222092,353.3093,167.1674,332.262
8,0.1137381,-1.062427,0.8658575,-0.4429964,0.2431667,-0.9614886,-0.02890549,-0.1247965,353.3227,166.8521,332.3846
8,0.1238687,-1.061443,0.8656218,-0.4427927,0.242294,-0.9613664,-0.02792121,-0.1276276,353.3657,166.5011,332.4946
8,0.1344109,-1.060355,0.8654517,-0.4423273,0.2412612,-0.9612092,-0.0268146,-0.130962,353.4113,166.0891,332.6246
8,0.1463683,-1.059146,0.8652902,-0.4417655,0.2398612,-0.9610682,-0.02579437,-0.1347196,353.442,165.629,332.8007
8,0.1569347,-1.057658,0.8651221,-0.4410139,0.2388186,-0.9607903,-0.02461259,-0.1387156,353.4799,165.1401,332.9335
8,0.1679367,-1.056339,0.8649287,-0.4403881,0.2378792,-0.9604537,-0.0233845,-0.1428123,353.5196,164.6392,333.0534
8,0.1789324,-1.0548,0.8647063,-0.4396563,0.2367602,-0.9600506,-0.02206847,-0.147514,353.5564,164.0662,333.1959
8,0.1902246,-1.051585,0.864323,-0.438199,0.2349968,-0.9591843,-0.01931807,-0.1561053,353.66,163.0118,333.4156
8,0.2136406,-1.050294,0.8640906,-0.437561,0.2341062,-0.9588628,-0.01833968,-0.1595002,353.6933,162.5964,333.5255
8,0.2243511,-1.04876,0.8639299,-0.4368698,0.2327398,-0.9585109,-0.01733445,-0.1636721,353.7183,162.0889,333.6947
8,0.2360227,-1.047374,0.8637173,-0.4361836,0.2311147,-0.9582535,-0.0167082,-0.1675033,353.7166,161.6276,333.8975
8,0.2463814,-1.045912,0.863513,-0.4354226,0.2292036,-0.957973,-0.0160817,-0.1717403,353.7113,161.118,334.1356
8,0.2575357,-1.04437,0.8632876,-0.4346088,0.2273819,-0.9575493,-0.01492965,-0.176562,353.7489,160.5292,334.3572
8,0.2687945,-1.042603,0.862932,-0.4336212,0.2245824,-0.9572273,-0.01344032,-0.1819286,353.8318,159.864,334.6886
8,0.2815427,-1.04116,0.8626943,-0.4327891,0.2228364,-0.9568089,-0.01244305,-0.1862951,353.8669,159.3308,334.899
8,0.2940704,-1.03981,0.8625634,-0.4320282,0.2221957,-0.9560555,-0.01157966,-0.1909265,353.8583,158.7767,334.9842
8,0.3052534,-1.038491,0.8625417,-0.4311462,0.221734,-0.9552513,-0.01133817,-0.1954493,353.7805,158.2499,335.0597
8,0.3169812,-1.037175,0.8625703,-0.4302605,0.2212534,-0.9544361,-0.01127387,-0.1999291,353.6852,157.7314,335.141
8,0.3282901,-1.035695,0.8627684,-0.4292912,0.2205531,-0.9535944,-0.01153824,-0.2046486,353.5534,157.1907,335.2563
8,0.3394739,-1.034236,0.8629311,-0.4282525,0.2189685,-0.9529461,-0.01200372,-0.2092908,353.4232,156.6569,335.4784
8,0.3523532,-1.031192,0.8629372,-0.4260427,0.2145513,-0.9519547,-0.01121709,-0.2182296,353.3964,155.5802,336.0283
8,0.3812401,-1.029977,0.8628947,-0.4251752,0.2127302,-0.9515619,-0.01095546,-0.2217113,353.386,155.1604,336.2545
8,0.3939546,-1.028986,0.8629481,-0.4245118,0.2114788,-0.9511312,-0.01091201,-0.2247382,353.3495,154.8012,336.4171
8,0.4059742,-1.028042,0.8630211,-0.423816,0.2104112,-0.9507187,-0.01125013,-0.2274526,353.2747,154.487,336.5654
8,0.4169625,-1.027129,0.8629601,-0.4229072,0.2097632,-0.9501636,-0.01182458,-0.2303232,353.16,154.1618,336.6722
8,0.4282856,-1.026337,0.863367,-0.4224318,0.2088938,-0.9496684,-0.01235748,-0.2331109,353.0582,153.8435,336.8035
8,0.4400986,-1.025549,0.8636326,-0.4217292,0.2086096,-0.9490327,-0.01319721,-0.2358918,352.9077,153.5356,336.8753
8,0.4518161,-1.024751,0.8639474,-0.4210627,0.2083333,-0.9484159,-0.01354095,-0.2385819,352.8138,153.2277,336.9341
8,0.4649342,-1.024165,0.8640763,-0.4205599,0.2082831,-0.9479597,-0.01363822,-0.240426,352.7609,153.0146,336.9552
8,0.4777138,-1.023621,0.8641881,-0.4201127,0.2081685,-0.9475904,-0.01377615,-0.2419683,352.7125,152.8369,336.9827
8,0.4890667,-1.023088,0.8643882,-0.4198188,0.2070059,-0.9474649,-0.01421294,-0.2434278,352.6624,152.6675,337.1373
8,0.5025995,-1.022197,0.8646675,-0.4190797,0.2042696,-0.9473807,-0.01591235,-0.2459486,352.494,152.3878,337.5118
8,0.5306726,-1.021938,0.8647103,-0.4188471,0.2033404,-0.947385,-0.01607325,-0.2466906,352.4854,152.2977,337.6278
8,0.5442061,-1.021667,0.8647832,-0.4185821,0.2022947,-0.9473584,-0.01639555,-0.2476294,352.458,152.1868,337.7626
8,0.5563231,-1.02131,0.8648576,-0.4184641,0.201225,-0.947284,-0.01649421,-0.2487762,352.4513,152.047,337.896
8,0.5676081,-1.021081,0.8649639,-0.4182222,0.2005857,-0.9471171,-0.01693459,-0.2498957,352.3958,151.9198,337.9888
8,0.58012,-1.020905,0.8651041,-0.4180168,0.2003998,-0.9468881,-0.01750121,-0.2508718,352.317,151.815,338.032
8,0.5924528,-1.020855,0.8653469,-0.4177461,0.2002442,-0.946647,-0.01831681,-0.2518453,352.2101,151.7152,338.0782
8,0.6040637,-1.020759,0.8656135,-0.417547,0.2003596,-0.946324,-0.01934925,-0.2528888,352.0703,151.6132,338.0999
8,0.6157418,-1.020655,0.8658431,-0.4173647,0.2002496,-0.9461188,-0.02017627,-0.2536777,351.9651,151.5353,338.1401
8,0.6271965,-1.020538,0.8661389,-0.4170935,0.2000645,-0.9460044,-0.02108614,-0.2541761,351.8596,151.4924,338.1889
8,0.6385403,-1.020561,0.8664372,-0.4170066,0.2003003,-0.9459097,-0.02213535,-0.2542533,351.7362,151.5047,338.1898
8,0.6500396,-1.020567,0.8667437,-0.4169139,0.2004522,-0.9458023,-0.02316917,-0.2544414,351.6144,151.5029,338.2007
8,0.6607866,-1.020629,0.8675181,-0.4166346,0.1999293,-0.9457716,-0.02613913,-0.2546788,351.299,151.5253,338.3393
8,0.6862369,-1.020599,0.8678533,-0.4164914,0.1992312,-0.9457678,-0.02753763,-0.255092,351.1567,151.4963,338.4589
8,0.6966468,-1.020523,0.8681139,-0.4162382,0.1988339,-0.9456844,-0.02864237,-0.2555891,351.0361,151.4543,338.5373
8,0.7068968,-1.020487,0.8684425,-0.4160619,0.1987793,-0.9454737,-0.02965911,-0.2562943,350.9106,151.389,338.5761
8,0.7179332,-1.020432,0.8686697,-0.4157299,0.198734,-0.9452529,-0.03073147,-0.2570166,350.7784,151.3225,338.6156
8,0.7301751,-1.020393,0.8689076,-0.4155794,0.1987691,-0.9450759,-0.03153071,-0.2575429,350.6781,151.2749,338.6371
8,0.7424075,-1.02029,0.8691553,-0.4153904,0.1982494,-0.9449737,-0.03254535,-0.2581914,350.5677,151.2117,338.729
8,0.7528983,-1.020087,0.8694334,-0.4151402,0.1972985,-0.9449127,-0.03428036,-0.2589177,350.3893,151.1476,338.8898
8,0.7636794,-1.019991,0.8698497,-0.4149302,0.1970179,-0.944684,-0.03595979,-0.2597365,350.1955,151.0771,338.9735
8,0.7758023,-1.01986,0.870211,-0.4147283,0.1968731,-0.9444122,-0.03755558,-0.2606073,350.0058,150.9999,339.0402
8,0.7871593,-1.019797,0.8704947,-0.414562,0.1980141,-0.9439937,-0.03831615,-0.2611483,349.877,150.9595,338.9347
8,0.7987051,-1.019713,0.8706226,-0.4144521,0.1981354,-0.9438741,-0.03838297,-0.2614783,349.8589,150.9228,338.9259
8,0.8103038,-1.019557,0.8706096,-0.4143593,0.1977167,-0.9438784,-0.03812024,-0.2618183,349.8926,150.8742,338.9705
8,0.8218448,-1.019222,0.8706986,-0.4141065,0.1962677,-0.9438679,-0.03870684,-0.2628577,349.8486,150.7473,339.1623
8,0.8474353,-1.019069,0.8706516,-0.414003,0.196196,-0.9437281,-0.0387404,-0.263408,349.8352,150.6821,339.177
8,0.8591798,-1.01906,0.8705667,-0.4140703,0.1963699,-0.9436024,-0.03865022,-0.2637413,349.8327,150.6428,339.1581
8,0.87125,-1.018978,0.8703645,-0.4140673,0.1969299,-0.9434814,-0.03771058,-0.2638929,349.9158,150.6145,339.0708
8,0.882599,-1.018938,0.8701431,-0.4140739,0.19725,-0.9434772,-0.03685862,-0.2637898,350.0019,150.6154,339.0106
8,0.8940869,-1.018871,0.8700042,-0.414117,0.19752,-0.9434443,-0.03633969,-0.2637772,350.051,150.6106,338.9659
8,0.9059809,-1.018836,0.8698437,-0.4141067,0.1973912,-0.9434909,-0.03591201,-0.2637652,350.102,150.6036,338.9691
8,0.9159485,-1.018826,0.8697261,-0.4140772,0.197271,-0.9435041,-0.03578172,-0.2638257,350.1185,150.5931,338.98
8,0.9270014,-1.018827,0.8695854,-0.4140475,0.1971251,-0.9434943,-0.03574345,-0.263975,350.1238,150.5735,338.9972
8,0.9385908,-1.018798,0.869539,-0.4140142,0.1971237,-0.9434055,-0.03570142,-0.2642988,350.1214,150.5345,338.9995
8,0.9500098,-1.01881,0.8694766,-0.4139622,0.1970954,-0.9433684,-0.03564241,-0.2644602,350.1252,150.5141,339.0027
8,0.9606607,-1.019091,0.8694881,-0.4139805,0.197083,-0.9434141,-0.0357214,-0.2642956,350.1205,150.5348,339.0046
8,0.9722335,-1.019504,0.8695562,-0.4140204,0.1981499,-0.9435422,-0.03703021,-0.2628562,349.9767,150.7371,338.9027
8,0.9954,-1.019657,0.8698841,-0.4143543,0.1981608,-0.9437153,-0.03784032,-0.2621105,349.9038,150.8391,338.9152
8,1.008114,-1.019924,0.8700722,-0.4144065,0.197899,-0.9439044,-0.03850918,-0.2615296,349.8509,150.9166,338.9568
8,1.019364,-1.020137,0.8702142,-0.4144707,0.197698,-0.9440614,-0.03918909,-0.2610131,349.7935,150.9872,338.9923
8,1.02985,-1.020279,0.870329,-0.4144921,0.1972034,-0.9442089,-0.03949312,-0.2608082,349.7791,151.0118,339.0548
8,1.041004,-1.020521,0.8701658,-0.4145972,0.1974356,-0.9443074,-0.03894535,-0.2603577,349.8422,151.0581,339.0094
8,1.051951,-1.020753,0.869993,-0.4146651,0.1963132,-0.9445478,-0.03809557,-0.2604598,349.9662,151.0212,339.1169
8,1.06379,-1.020726,0.869774,-0.4146304,0.1946679,-0.9448283,-0.0371808,-0.2608093,350.1074,150.9493,339.2849
8,1.075144,-1.020768,0.8696506,-0.4146255,0.1944228,-0.9448549,-0.03676353,-0.2609555,350.1573,150.9228,339.3035
8,1.086167,-1.020812,0.8695714,-0.4146584,0.1946469,-0.9447842,-0.03658184,-0.2610692,350.1682,150.9084,339.2742
8,1.095867,-1.020736,0.8695674,-0.4148203,0.1954794,-0.9446315,-0.03657802,-0.2610007,350.1455,150.9241,339.1782
8,1.107145,-1.020814,0.8695942,-0.4148941,0.1962306,-0.9445536,-0.03648604,-0.2607315,350.1393,150.9612,339.0872
8,1.118179,-1.02091,0.8696803,-0.4150215,0.1969401,-0.9445549,-0.03660692,-0.2601744,350.1173,151.0357,339.0036
8,1.129509,-1.021016,0.8698111,-0.415284,0.1975656,-0.944787,-0.03678174,-0.2588291,350.1091,151.2033,338.9232
8,1.154554,-1.021103,0.8697728,-0.4154729,0.1975353,-0.944929,-0.03673235,-0.2583407,350.126,151.2599,338.9205
8,1.166297,-1.021256,0.8698882,-0.4157175,0.1985651,-0.9450076,-0.03669094,-0.2572675,350.1241,151.3954,338.7909
8,1.178206,-1.021344,0.8698838,-0.4159013,0.1988777,-0.9451569,-0.03641199,-0.2565163,350.1621,151.4821,338.7405
8,1.194513,-1.021317,0.8698303,-0.4161505,0.1997499,-0.9451956,-0.03609378,-0.2557397,350.189,151.5762,338.6248
8,1.206607,-1.021581,0.8698167,-0.4163649,0.2007562,-0.9453031,-0.03544284,-0.2546428,350.2557,151.7033,338.4821
8,1.218363,-1.021907,0.8695036,-0.4168212,0.2011689,-0.9456568,-0.0345176,-0.2531264,350.3792,151.8693,338.3968
8,1.229177,-1.022427,0.8693123,-0.4172233,0.2018421,-0.9462063,-0.03378229,-0.2506238,350.4968,152.1566,338.2773
8,1.241054,-1.022836,0.8691456,-0.4176777,0.2018942,-0.9467108,-0.03353065,-0.2487034,350.566,152.3783,338.2471
8,1.252659,-1.023258,0.8691,-0.4180613,0.2017464,-0.9470959,-0.03330957,-0.2473831,350.6241,152.5281,338.2463
8,1.264879,-1.023629,0.8691279,-0.4183474,0.2019311,-0.9472749,-0.03356291,-0.2465108,350.6106,152.6367,338.2232
8,1.276493,-1.025799,0.8695537,-0.4198374,0.2055098,-0.9482945,-0.03491203,-0.239342,350.5267,153.5343,337.7769
8,1.291007,-1.027002,0.8705264,-0.4205147,0.2059615,-0.9490235,-0.03818275,-0.2355342,350.2416,154.0454,337.7646
8,1.357583,-1.027334,0.8708842,-0.4206382,0.205729,-0.9491302,-0.03956857,-0.2350789,350.1054,154.1223,337.8187
8,1.369191,-1.027593,0.8712778,-0.420745,0.2059072,-0.9491322,-0.04068889,-0.2347231,349.9853,154.1864,337.82
8,1.379267,-1.02773,0.8717647,-0.4207059,0.206537,-0.9488281,-0.04179467,-0.2352043,349.8358,154.1566,337.7771
8,1.389167,-1.027891,0.8722991,-0.4206154,0.2076029,-0.9484606,-0.04270454,-0.2355842,349.6988,154.1393,337.6783
8,1.402064,-1.027827,0.872637,-0.4203894,0.2083449,-0.9479812,-0.04335126,-0.2367374,349.5814,154.0235,337.6188
8,1.415455,-1.027658,0.8728666,-0.4201548,0.2085622,-0.9477422,-0.04382471,-0.2374152,349.5078,153.9549,337.6115
8,1.429271,-1.027377,0.8729504,-0.4198879,0.2085086,-0.9474844,-0.0437163,-0.2385089,349.4961,153.8241,337.6265
8,1.441283,-1.02652,0.8727379,-0.4194001,0.2079984,-0.9470859,-0.04258057,-0.2407328,349.5837,153.537,337.6823
8,1.466641,-1.025942,0.8724875,-0.4190965,0.2072708,-0.9469259,-0.04169325,-0.2421403,349.6688,153.3483,337.7601
8,1.478152,-1.025432,0.8723505,-0.4187978,0.2066825,-0.9467175,-0.04111533,-0.243553,349.7161,153.166,337.8288
8,1.489285,-1.024995,0.872048,-0.4183409,0.2063987,-0.9463614,-0.04048768,-0.2452769,349.7536,152.9492,337.8642
8,1.499955,-1.024329,0.8718519,-0.4179092,0.2063369,-0.9458583,-0.03956636,-0.2474102,349.808,152.681,337.8708
8,1.510013,-1.023736,0.8716699,-0.4175013,0.2062484,-0.945401,-0.03875376,-0.2493527,349.8554,152.4369,337.8808
8,1.521835,-1.02309,0.8713745,-0.4169452,0.2060601,-0.9448067,-0.03808891,-0.2518513,349.8767,152.129,337.9112
8,1.532641,-1.022403,0.8712635,-0.4164316,0.2056594,-0.9442764,-0.03768512,-0.2542171,349.8786,151.8393,337.971
8,1.544991,-1.021787,0.8712603,-0.4159514,0.2051582,-0.9438044,-0.03768892,-0.2563651,349.8438,151.5814,338.0504
8,1.556453,-1.021076,0.8712133,-0.4154761,0.2045758,-0.9433585,-0.03778285,-0.2584494,349.8032,151.3316,338.1408
8,1.567724,-1.020497,0.8713729,-0.4150136,0.2038702,-0.9429689,-0.03826479,-0.2603509,349.7281,151.1089,338.2535
8,1.579517,-1.020028,0.8714834,-0.4146143,0.2033368,-0.9426558,-0.03851394,-0.2618605,349.6825,150.9297,338.3367
8,1.592511,-1.019188,0.8715956,-0.4137859,0.2026958,-0.9419898,-0.03897467,-0.2646711,349.5881,150.599,338.4513
8,1.618489,-1.019106,0.8716996,-0.4134311,0.2024159,-0.9417549,-0.03931925,-0.2656683,349.5365,150.4842,338.5029
8,1.62997,-1.018892,0.8717937,-0.4132138,0.2021116,-0.9415922,-0.03951019,-0.2664473,349.5074,150.3922,338.551
8,1.642335,-1.018875,0.8718635,-0.4131561,0.2019667,-0.941568,-0.03959108,-0.2666307,349.4988,150.3705,338.5717
8,1.653431,-1.018885,0.8718331,-0.4131628,0.2016598,-0.9414787,-0.03977308,-0.2671508,349.4765,150.3089,338.6171
8,1.664513,-1.018925,0.8718801,-0.41315,0.2014596,-0.9414623,-0.03995502,-0.2673319,349.4586,150.2886,338.6468
8,1.678025,-1.018957,0.8718976,-0.4131249,0.201344,-0.9414268,-0.04009367,-0.2675236,349.4427,150.2671,338.6658
8,1.688594,-1.019019,0.8719325,-0.4131153,0.2015102,-0.9414338,-0.04037126,-0.267332,349.4115,150.2961,338.6521
8,1.699181,-1.019176,0.8719559,-0.4131858,0.2015158,-0.9415319,-0.04058799,-0.2669492,349.3961,150.3452,338.6531
8,1.710329,-1.019434,0.8719802,-0.4133496,0.2016404,-0.9417031,-0.04082466,-0.2662144,349.3827,150.4375,338.6373
8,1.721071,-1.019623,0.8720539,-0.4133303,0.2015457,-0.9418241,-0.04109701,-0.2658154,349.3645,150.4884,338.6511
8,1.732771,-1.019839,0.8720897,-0.4134021,0.2007269,-0.9421753,-0.04156236,-0.2651171,349.3534,150.5709,338.7498
8,1.744858,-1.020044,0.8721884,-0.4134468,0.1995258,-0.9425954,-0.04189267,-0.2644778,349.3671,150.6402,338.8894
