scene,time,headsetLocationX,headsetLocationY,headsetLocationZ,headsetRotationX,headsetRotationY,headsetRotationZ,headsetRotationW,headsetRotationEulerX,headsetRotationEulerY,headsetRotationEulerZ
0,0,-6.195997E-05,1.904246,0.401053,-0.04236869,0.0114,-0.06554808,0.9968843,355.2402,1.626343,352.4085
0,0.0122488,-1.575757E-05,1.904273,0.4010275,-0.04231217,0.01149561,-0.06554313,0.996886,355.2474,1.636841,352.4088
0,0.0244976,-7.664899E-05,1.904211,0.4011557,-0.04210237,0.01171071,-0.06548698,0.996896,355.2729,1.659607,352.4147
0,0.0370852,-0.000137512,1.904157,0.4012784,-0.04195466,0.01194619,-0.06548674,0.9968995,355.2916,1.685455,352.4139
0,0.0495552,-0.0001754384,1.904201,0.4013796,-0.04187642,0.01213628,-0.06551143,0.9968989,355.302,1.706757,352.4104
0,0.0621817,-0.0002627043,1.904169,0.4015126,-0.04193344,0.01246564,-0.06557779,0.996888,355.2981,1.74527,352.4011
0,0.075325,-0.000302469,1.904108,0.4016003,-0.04182781,0.01277949,-0.06567474,0.9968821,355.3128,1.780884,352.3887
0,0.0955591,-0.0003730528,1.904054,0.4017076,-0.04161884,0.01311828,-0.06566641,0.996887,355.3393,1.818054,352.3886
0,0.1026713,-0.0004472293,1.904009,0.4018123,-0.04144423,0.01349843,-0.06566387,0.9968894,355.3621,1.86026,352.3875
0,0.1122719,-0.000548297,1.90397,0.4018947,-0.04132337,0.0139384,-0.06563937,0.9968899,355.3792,1.909638,352.3886
0,0.1248659,-0.0006335202,1.903958,0.4019985,-0.04136276,0.01430205,-0.06550789,0.9968917,355.3773,1.951019,352.402
0,0.1373637,-0.0007271704,1.903964,0.4020958,-0.04138191,0.01469326,-0.06532185,0.9968975,355.3777,1.995148,352.4216
0,0.14968,-0.000796821,1.903936,0.4021921,-0.04143839,0.01509652,-0.06514347,0.9969009,355.3739,2.040985,352.4401
0,0.1632835,-0.0008965984,1.903926,0.4023009,-0.0414058,0.01560444,-0.06485663,0.9969131,355.3809,2.097626,352.4709
0,0.1745214,-0.0009611777,1.903881,0.4024128,-0.04141711,0.01602241,-0.06473187,0.9969141,355.3824,2.14505,352.4832
0,0.1872173,-0.001040692,1.90385,0.4025097,-0.0413803,0.01652634,-0.06462196,0.9969146,355.3902,2.202026,352.4937
0,0.1995282,-0.001118754,1.90382,0.4025902,-0.04135453,0.01711748,-0.06450928,0.996913,355.3973,2.269073,352.504
0,0.2119946,-0.001169046,1.90376,0.4026899,-0.04130632,0.01767311,-0.06442285,0.9969108,355.4068,2.332001,352.5116
0,0.2248421,-0.001249293,1.903746,0.4027652,-0.04131428,0.01819431,-0.06429106,0.9969096,355.4095,2.391205,352.5243
0,0.237689,-0.001256452,1.903759,0.4028338,-0.0413758,0.01873987,-0.06417229,0.9969046,355.4063,2.453674,352.5353
0,0.2586814,-0.001349906,1.903752,0.4029343,-0.04148281,0.01935697,-0.06402541,0.9968978,355.3982,2.524567,352.549
0,0.2661038,-0.001419431,1.903746,0.4030103,-0.04166093,0.02001928,-0.06393304,0.9968833,355.3826,2.60144,352.5561
0,0.2746505,-0.00148573,1.903803,0.4030954,-0.04180958,0.02079359,-0.06382492,0.9968681,355.371,2.690856,352.5645
0,0.286891,-0.001549265,1.903832,0.4031763,-0.04203148,0.02147233,-0.06375984,0.9968485,355.3505,2.770081,352.5681
0,0.2997223,-0.001623975,1.903861,0.4032786,-0.04230059,0.02232234,-0.06357431,0.9968303,355.3255,2.868744,352.5845
0,0.3120083,-0.001701058,1.9039,0.4033931,-0.04248844,0.02331931,-0.06328043,0.9968182,355.3105,2.983124,352.613
0,0.3243205,-0.001786544,1.903941,0.403494,-0.04280499,0.02417482,-0.06298905,0.9968027,355.2798,3.082276,352.6414
0,0.337161,-0.001869197,1.903983,0.4035779,-0.04296275,0.02503981,-0.06264171,0.9967965,355.267,3.18103,352.6767
0,0.3497021,-0.00191013,1.903986,0.4036385,-0.04319515,0.02591236,-0.06221837,0.9967906,355.2454,3.280853,352.7204
0,0.3628407,-0.002010179,1.904007,0.4037308,-0.04344178,0.02692188,-0.06175693,0.9967819,355.223,3.396302,352.7677
0,0.3746223,-0.002089854,1.904027,0.4038008,-0.04362261,0.0278169,-0.06138358,0.9967725,355.2074,3.498535,352.8056
0,0.3871707,-0.002127885,1.904013,0.4038372,-0.04385379,0.02875397,-0.06102128,0.996758,355.1864,3.606018,352.8419
0,0.3999907,-0.002225502,1.904045,0.4039298,-0.04418121,0.02985583,-0.06067842,0.996732,355.1556,3.733216,352.8746
0,0.4205369,-0.002272978,1.904059,0.4039941,-0.04450815,0.03076869,-0.0603847,0.9967076,355.1236,3.838959,352.9025
0,0.4278496,-0.002359534,1.904075,0.4040847,-0.04478985,0.0317608,-0.06003683,0.9966848,355.097,3.953186,352.9364
0,0.4372375,-0.00247672,1.904081,0.4042181,-0.04531284,0.03287265,-0.05947631,0.9966588,355.0427,4.081879,352.993
0,0.4495653,-0.002531163,1.904078,0.4043334,-0.04560775,0.03427914,-0.05904997,0.9966233,355.0171,4.243347,353.0337
0,0.4622339,-0.002588737,1.904078,0.4044252,-0.04551616,0.03528646,-0.05887051,0.9966029,355.0338,4.357391,353.0497
0,0.4751318,-0.002658589,1.904041,0.4045137,-0.04571664,0.03638989,-0.05856253,0.9965721,355.0172,4.48398,353.0787
0,0.4872056,-0.002734612,1.904065,0.4046438,-0.04592851,0.03750054,-0.05812079,0.9965472,354.9986,4.61081,353.1229
0,0.4999112,-0.002838961,1.904075,0.4047991,-0.04645785,0.03890352,-0.05760389,0.9964988,354.9452,4.773133,353.1725
0,0.5124188,-0.002910907,1.904049,0.4049,-0.04689699,0.04010671,-0.05721732,0.9964528,354.9013,4.912506,353.2084
0,0.5248216,-0.002988181,1.904069,0.405032,-0.04730836,0.0412651,-0.05682193,0.9964088,354.8601,5.046478,353.2456
0,0.5372426,-0.003073994,1.904101,0.4051696,-0.0477824,0.04244974,-0.05635998,0.9963626,354.8115,5.183563,353.2899
0,0.5504799,-0.003151558,1.904006,0.4052585,-0.04827401,0.04390577,-0.05592072,0.9963006,354.7627,5.352051,353.33
0,0.5709135,-0.003218889,1.904016,0.4053662,-0.04839269,0.04512906,-0.05555131,0.9962608,354.7553,5.491486,353.3653
0,0.5795459,-0.003256903,1.903944,0.4054005,-0.04849969,0.04644793,-0.05517435,0.9962159,354.7497,5.641785,353.4011
0,0.5878472,-0.003329601,1.903959,0.405513,-0.04863486,0.04763712,-0.05468342,0.9961802,354.7393,5.776795,353.4504
0,0.5993999,-0.003406226,1.903978,0.4056247,-0.04891476,0.04886811,-0.05418059,0.9961345,354.7123,5.917572,353.4999
0,0.6118827,-0.003433759,1.903973,0.4056985,-0.04927083,0.05028792,-0.0535831,0.9960785,354.6772,6.080078,353.5587
0,0.6245183,-0.003495537,1.90398,0.4058162,-0.04952164,0.05149374,-0.05309119,0.9960307,354.6533,6.217805,353.6071
0,0.6372708,-0.003542669,1.903979,0.4058825,-0.04980137,0.05274672,-0.05270049,0.995972,354.6268,6.361695,353.6434
0,0.6499565,-0.003612173,1.903979,0.4060211,-0.05015746,0.0541225,-0.05214552,0.9959095,354.5913,6.519349,353.6972
0,0.662185,-0.003668085,1.903984,0.4061381,-0.05048646,0.05536441,-0.05170176,0.9958478,354.5585,6.662018,353.7391
0,0.6750243,-0.003739203,1.90396,0.4061783,-0.05087424,0.05657138,-0.05121037,0.9957856,354.5184,6.800812,353.7861
0,0.6873758,-0.003789109,1.903966,0.4062867,-0.05122906,0.05770841,-0.05075973,0.9957253,354.4818,6.931549,353.829
0,0.7000846,-0.003844893,1.903966,0.4064047,-0.05162502,0.0589959,-0.05017105,0.9956592,354.4403,7.079102,353.8865
0,0.7123544,-0.003887736,1.903971,0.4065014,-0.05185958,0.06002166,-0.04969834,0.9956094,354.4164,7.196075,353.9333
0,0.7345542,-0.003836844,1.903941,0.4065245,-0.05212444,0.0611023,-0.04928289,0.9955505,354.3896,7.319886,353.9728
0,0.7419153,-0.003865921,1.903941,0.4065922,-0.05235802,0.06215858,-0.04884506,0.9954945,354.3661,7.440552,354.0153
0,0.7498218,-0.003866539,1.904005,0.4066959,-0.0526103,0.06315318,-0.04848025,0.9954363,354.3405,7.554658,354.0496
0,0.7622705,-0.003891911,1.904014,0.4067774,-0.05283435,0.0642902,-0.04797581,0.9953761,354.3177,7.684173,354.0992
0,0.7744036,-0.003922109,1.904038,0.4068446,-0.05313706,0.06522012,-0.04761119,0.995317,354.2858,7.791169,354.1332
0,0.7878544,-0.003980323,1.904052,0.4069251,-0.05349506,0.06604291,-0.04718353,0.9952639,354.2464,7.885833,354.1746
0,0.7996531,-0.003992154,1.904076,0.406978,-0.05383065,0.06685556,-0.04682786,0.9952084,354.2099,7.979583,354.2079
0,0.812184,-0.00398068,1.904139,0.407033,-0.05410098,0.06777357,-0.04652927,0.9951456,354.1819,8.085358,354.2345
0,0.8247166,-0.003986555,1.904154,0.4070806,-0.05429279,0.06852145,-0.04614191,0.995102,354.1612,8.170503,354.2729
0,0.8371917,-0.003993867,1.904189,0.4071194,-0.05448394,0.06926666,-0.04581391,0.9950551,354.1409,8.255677,354.3045
0,0.8497448,-0.00397542,1.904298,0.4071327,-0.05485469,0.07007403,-0.04537559,0.9949983,354.0995,8.348541,354.3468
0,0.8627515,-0.003980033,1.904351,0.4071742,-0.05516202,0.0706903,-0.04504317,0.9949528,354.0651,8.419586,354.3785
0,0.8887678,-0.003921392,1.90439,0.4071405,-0.05544593,0.07137351,-0.04466235,0.9949055,354.0332,8.497895,354.4156
0,0.8964872,-0.003918388,1.90442,0.4071829,-0.05574999,0.07204916,-0.04427444,0.9948571,353.999,8.575409,354.4533
0,0.9042365,-0.003921873,1.904435,0.4072283,-0.0560017,0.07260407,-0.04390385,0.994819,353.9701,8.638763,354.4902
0,0.913409,-0.003891094,1.904395,0.4072251,-0.0562383,0.07315294,-0.04365131,0.9947766,353.9439,8.702027,354.5137
0,0.9258862,-0.003890028,1.904396,0.4072529,-0.05646018,0.07364365,-0.04343326,0.9947374,353.9193,8.758698,354.5336
0,0.9381285,-0.003889768,1.904401,0.4072782,-0.05661121,0.07413974,-0.04312372,0.9947054,353.902,8.814973,354.5647
0,0.9501874,-0.003901208,1.904388,0.4073113,-0.05673543,0.07466854,-0.04282519,0.9946716,353.8881,8.87491,354.5946
0,0.9628618,-0.00390044,1.904385,0.4073394,-0.05688614,0.075117,-0.04261165,0.9946385,353.8714,8.926269,354.6149
0,0.9751248,-0.003895191,1.90441,0.4073139,-0.05695673,0.07547297,-0.04236445,0.994618,353.863,8.966248,354.6404
0,0.9880592,-0.003901938,1.904405,0.4073407,-0.05705153,0.07583864,-0.04222336,0.9945908,353.8529,9.008147,354.6535
0,0.9999574,-0.003915556,1.904402,0.4073651,-0.05715388,0.07625008,-0.04208528,0.9945593,353.8422,9.05539,354.6658
0,1.012371,-0.003969509,1.904422,0.4073359,-0.05720646,0.07656672,-0.04193456,0.9945382,353.8365,9.091311,354.6806
0,1.025038,-0.003984443,1.904423,0.4073474,-0.05722114,0.07685717,-0.04179274,0.994521,353.8351,9.124022,354.695
0,1.04628,-0.004051673,1.90438,0.4073871,-0.05724405,0.07703961,-0.04165317,0.9945115,353.8321,9.144347,354.7097
0,1.054591,-0.004075294,1.904378,0.4074025,-0.05721411,0.07723118,-0.04155068,0.9945027,353.8356,9.165619,354.7205
0,1.062273,-0.004090336,1.904357,0.4074138,-0.05725677,0.07742623,-0.04147202,0.9944883,353.8311,9.187897,354.7279
0,1.07437,-0.004067117,1.90428,0.4074389,-0.05715525,0.07755101,-0.04138998,0.9944878,353.8426,9.201142,354.7376
0,1.086704,-0.004076287,1.90425,0.4074542,-0.05708005,0.07768424,-0.0413507,0.9944834,353.8515,9.21579,354.742
0,1.099617,-0.00409135,1.904222,0.4074761,-0.05697118,0.07779206,-0.04130618,0.994483,353.8641,9.227264,354.7475
0,1.111806,-0.004106536,1.90419,0.4075172,-0.05691228,0.07784154,-0.04127717,0.9944837,353.8708,9.232422,354.7511
0,1.124297,-0.004051908,1.904204,0.4074593,-0.05681913,0.0779947,-0.04125936,0.9944777,353.8821,9.24939,354.7531
0,1.13713,-0.004063134,1.904185,0.4074873,-0.05674581,0.07795941,-0.0412866,0.9944836,353.8905,9.245024,354.7509
0,1.14964,-0.004027421,1.904152,0.4074436,-0.05674962,0.07797927,-0.04125736,0.994483,353.89,9.247163,354.7542
0,1.16243,-0.004034345,1.904122,0.4074657,-0.0567173,0.07807909,-0.04136523,0.9944726,353.8952,9.259123,354.7415
0,1.174424,-0.004040672,1.90411,0.4074841,-0.05664075,0.07819574,-0.04139582,0.9944665,353.9048,9.272278,354.738
0,1.187327,-0.004025215,1.904098,0.4074901,-0.05663214,0.07828341,-0.04146352,0.9944573,353.9069,9.282746,354.7298
0,1.208688,-0.004026609,1.904095,0.4075012,-0.05659996,0.07843267,-0.0414769,0.9944468,353.9115,9.299835,354.7277
0,1.216562,-0.004023675,1.904129,0.4075188,-0.05666227,0.07851484,-0.04134956,0.994442,353.9036,9.30893,354.7411
0,1.224595,-0.004031883,1.904132,0.4075489,-0.05670202,0.07860853,-0.0411976,0.9944387,353.8981,9.319061,354.7576
0,1.237574,-0.00403779,1.904138,0.4075743,-0.05676795,0.0787865,-0.04115191,0.9944228,353.8911,9.339722,354.7611
0,1.249222,-0.00402894,1.904132,0.4075757,-0.05686881,0.07904959,-0.04113167,0.9943969,353.8808,9.370575,354.7608
0,1.261612,-0.004042321,1.904116,0.4076169,-0.0569597,0.07931446,-0.04117808,0.9943687,353.8722,9.401978,354.753
0,1.274181,-0.004083069,1.904037,0.4075836,-0.05685439,0.07976019,-0.04121482,0.9943376,353.887,9.452943,354.747
0,1.286824,-0.004091735,1.903995,0.4076045,-0.05661964,0.08017497,-0.04125071,0.9943162,353.9163,9.499512,354.7428
0,1.299747,-0.0040995,1.903969,0.4076436,-0.05634524,0.08052588,-0.041148,0.9943076,353.9485,9.537627,354.7552
0,1.311807,-0.004131256,1.903936,0.4076133,-0.05625821,0.08103554,-0.04097994,0.9942781,353.9595,9.594848,354.7723
0,1.32477,-0.004149749,1.903941,0.4076588,-0.05629944,0.08136309,-0.04083085,0.994255,353.9551,9.631989,354.787
0,1.336833,-0.00416631,1.903941,0.4077022,-0.0562914,0.08178535,-0.04070803,0.994226,353.957,9.679901,354.7986
0,1.349861,-0.004165418,1.90388,0.4077432,-0.05624257,0.08215275,-0.0406087,0.9942026,353.9636,9.721374,354.8083
0,1.370641,-0.004172736,1.903845,0.4077898,-0.05614661,0.0826788,-0.04050409,0.9941686,353.9763,9.780824,354.8181
0,1.377806,-0.004164216,1.903811,0.4078568,-0.05604949,0.08310666,-0.04047225,0.9941396,353.9893,9.829376,354.8201
0,1.387148,-0.004165758,1.903779,0.4079196,-0.05608353,0.08351399,-0.04047412,0.9941036,353.9875,9.876586,354.8171
0,1.399421,-0.004114731,1.903758,0.4079907,-0.05575703,0.0837912,-0.04035751,0.9941033,354.0251,9.905823,354.8322
0,1.411994,-0.004101752,1.903687,0.407997,-0.05559764,0.08468384,-0.04050535,0.9940306,354.0494,10.00867,354.8116
0,1.425101,-0.004173789,1.903653,0.408136,-0.05598311,0.08513316,-0.04032626,0.9939778,354.0059,10.06186,354.8253
0,1.43767,-0.004138241,1.903603,0.4081464,-0.05603334,0.08595094,-0.040265,0.9939071,354.0038,10.15616,354.8269
0,1.449406,-0.004122881,1.903582,0.4082054,-0.05580631,0.08641051,-0.0401846,0.9938834,354.0313,10.20728,354.8358
0,1.461973,-0.00415371,1.903536,0.4082774,-0.055753,0.08707807,-0.04024693,0.9938255,354.0415,10.28433,354.8252
0,1.474744,-0.004135665,1.903476,0.4083538,-0.05559228,0.08779216,-0.04011421,0.993777,354.0622,10.36493,354.838
0,1.487198,-0.004134824,1.903451,0.4084399,-0.05542578,0.08839843,-0.04004173,0.9937356,354.0836,10.43341,354.8445
0,1.499972,-0.004165759,1.903438,0.4085254,-0.05545874,0.08901326,-0.03999757,0.9936807,354.0825,10.5043,354.8455
0,1.521597,-0.004198033,1.903418,0.4086206,-0.05555819,0.08980088,-0.03990481,0.9936079,354.0743,10.59528,354.8503
0,1.531117,-0.004192114,1.903345,0.4087322,-0.05545356,0.09060302,-0.04012961,0.9935319,354.0928,10.68851,354.821
0,1.539022,-0.004202288,1.903298,0.4088342,-0.05535465,0.09141536,-0.04014238,0.9934625,354.1084,10.78171,354.8158
0,1.55125,-0.004192702,1.903291,0.4089403,-0.05525611,0.09221745,-0.0401687,0.9933928,354.1241,10.87381,354.8092
0,1.563312,-0.004195968,1.903289,0.4090399,-0.0551396,0.09301847,-0.04012509,0.9933263,354.1411,10.96527,354.8108
0,1.575622,-0.004206301,1.903279,0.409144,-0.05516605,0.09374592,-0.04006688,0.9932588,354.1413,11.04907,354.8129
0,1.588016,-0.004210554,1.903306,0.4092537,-0.05518326,0.09464227,-0.03985546,0.9931814,354.1416,11.15143,354.8316
0,1.600457,-0.004219053,1.903303,0.4093649,-0.0551674,0.09544163,-0.03982551,0.9931069,354.1472,11.24344,354.8305
0,1.612969,-0.004214798,1.903359,0.4095172,-0.05524359,0.09625838,-0.03969429,0.9930291,354.1413,11.33746,354.8398
0,1.625193,-0.004217594,1.903362,0.409613,-0.05515727,0.09706924,-0.03958364,0.9929593,354.1541,11.4299,354.8488
0,1.637395,-0.004225493,1.903352,0.4097035,-0.0551969,0.09782632,-0.03950479,0.9928859,354.1526,11.51712,354.8529
0,1.650218,-0.004264073,1.903389,0.409912,-0.05523012,0.09856064,-0.03930562,0.9928195,354.1503,11.60098,354.8709
0,1.670872,-0.004272007,1.903393,0.4099971,-0.05529797,0.09922916,-0.03920459,0.9927531,354.1448,11.67804,354.8777
0,1.678991,-0.004258141,1.903357,0.410117,-0.05537722,0.09994742,-0.03905172,0.9926826,354.1377,11.76062,354.89
0,1.687217,-0.004272999,1.903352,0.4102141,-0.05541165,0.1005867,-0.03895779,0.9926199,354.136,11.83414,354.8966
0,1.699555,-0.004284584,1.903346,0.4102974,-0.05537313,0.1012357,-0.03885981,0.9925599,354.1425,11.90829,354.9045
0,1.711866,-0.004276108,1.903331,0.4103536,-0.0553804,0.1020502,-0.03880609,0.9924781,354.1452,12.00214,354.9057
0,1.724933,-0.00429396,1.90333,0.4104306,-0.05533769,0.1027216,-0.03876503,0.9924128,354.153,12.07919,354.907
0,1.73724,-0.004308174,1.903326,0.4105061,-0.05528312,0.1033101,-0.0386659,0.9923587,354.1611,12.14627,354.9156
0,1.749751,-0.004364969,1.903287,0.4105704,-0.05523142,0.1038665,-0.03858796,0.9923065,354.1689,12.20978,354.9219
0,1.762286,-0.004390753,1.903288,0.4106291,-0.05521477,0.1044704,-0.03846456,0.9922488,354.1723,12.27875,354.9327
0,1.774721,-0.004420267,1.903273,0.410725,-0.0552654,0.1048855,-0.03832418,0.9922076,354.167,12.32623,354.9457
0,1.787227,-0.004451141,1.903287,0.4107642,-0.05529974,0.1052947,-0.03816513,0.9921686,354.1631,12.37283,354.961
0,1.799908,-0.004476868,1.903301,0.4108039,-0.0553281,0.1056269,-0.0380651,0.9921355,354.1604,12.41083,354.9702
0,1.812397,-0.004461596,1.903296,0.4108941,-0.05539922,0.1059572,-0.03788151,0.9921033,354.1516,12.44839,354.9883
0,1.833601,-0.004493738,1.903306,0.4109105,-0.05544874,0.10621,-0.03777164,0.9920777,354.1459,12.47729,354.9987
0,1.841974,-0.004479307,1.903293,0.4109324,-0.05539725,0.1064807,-0.03766331,0.9920557,354.1518,12.50763,355.0102
0,1.849794,-0.004500248,1.903288,0.4109586,-0.05544117,0.1066272,-0.03762662,0.9920388,354.1471,12.52463,355.013
0,1.861776,-0.004524519,1.903291,0.4109677,-0.05541658,0.106805,-0.03760213,0.9920221,354.1505,12.54489,355.015
0,1.874274,-0.004520544,1.903314,0.4109569,-0.05543228,0.1070012,-0.03752049,0.9920031,354.1486,12.5672,355.023
0,1.886715,-0.004531787,1.903301,0.410975,-0.05546661,0.1070859,-0.03748927,0.9919932,354.1447,12.57703,355.0256
0,1.899699,-0.004546183,1.903295,0.4109764,-0.05540347,0.1072553,-0.03743432,0.9919806,354.1521,12.59589,355.0318
0,1.912229,-0.004551892,1.903275,0.4109958,-0.055329,0.1073364,-0.03741843,0.9919766,354.1608,12.6047,355.0341
0,1.9243,-0.004543032,1.903283,0.4110045,-0.05525845,0.1075069,-0.03740681,0.9919625,354.1695,12.6239,355.0353
0,1.936797,-0.004542934,1.903292,0.4110221,-0.05518746,0.1076155,-0.03745695,0.9919527,354.1788,12.63629,355.0299
0,1.949445,-0.004530338,1.9033,0.4110425,-0.05524824,0.1077822,-0.03742418,0.9919325,354.1723,12.65576,355.0319
0,1.962899,-0.004520729,1.90332,0.4110608,-0.05525038,0.1079584,-0.03735017,0.991916,354.172,12.67572,355.0393
0,1.983719,-0.004515054,1.903333,0.4110761,-0.0553361,0.1080789,-0.03727984,0.9919007,354.1619,12.68979,355.0455
0,1.990822,-0.004494696,1.903356,0.4110728,-0.05539618,0.1081455,-0.03720307,0.9918931,354.1544,12.69742,355.0531
0,1.999603,-0.00448192,1.903377,0.411091,-0.05547854,0.1082235,-0.03705719,0.9918854,354.1436,12.70611,355.0682
0,2.011832,-0.004465795,1.903434,0.4110725,-0.0556439,0.1083924,-0.03697696,0.9918607,354.1246,12.72623,355.0742
0,2.024264,-0.004460984,1.903451,0.4110786,-0.05578723,0.1085714,-0.03689989,0.9918359,354.1082,12.74738,355.08
0,2.036862,-0.004434551,1.903455,0.4110886,-0.05575913,0.108673,-0.03699293,0.9918228,354.113,12.75949,355.0692
0,2.049537,-0.004419399,1.903471,0.4110675,-0.05569802,0.1087918,-0.03697074,0.9918141,354.1203,12.77271,355.0718
0,2.061845,-0.004392843,1.903505,0.4110665,-0.05564597,0.1089757,-0.03682258,0.9918023,354.1252,12.79279,355.0884
0,2.074536,-0.00438536,1.903557,0.4110767,-0.05566243,0.1090251,-0.03666812,0.9918017,354.1216,12.7977,355.1055
0,2.086775,-0.004370152,1.903606,0.4110745,-0.05575025,0.1090686,-0.03646383,0.9917995,354.1093,12.80209,355.1275
0,2.099593,-0.004340733,1.903641,0.4110883,-0.05586273,0.1090568,-0.03634001,0.9917991,354.0948,12.80072,355.1402
0,2.112471,-0.004322927,1.903627,0.4111047,-0.05589984,0.1091015,-0.03619436,0.9917973,354.0889,12.80527,355.1561
0,2.125166,-0.004287789,1.903635,0.4111283,-0.05593542,0.1091486,-0.03616004,0.9917915,354.0847,12.81073,355.1593
0,2.145764,-0.004259383,1.903638,0.4111403,-0.05598869,0.1091881,-0.0360684,0.9917875,354.0776,12.81509,355.1688
0,2.152471,-0.004257926,1.903613,0.4111693,-0.05604886,0.109204,-0.03592345,0.9917875,354.069,12.81647,355.1845
0,2.162063,-0.004223066,1.903622,0.4112034,-0.05611206,0.1091592,-0.03589237,0.9917901,354.0612,12.81149,355.1875
0,2.174727,-0.004201721,1.903568,0.4112565,-0.05617114,0.1091481,-0.03579912,0.9917913,354.0532,12.81003,355.1974
0,2.187282,-0.004179014,1.903568,0.4112953,-0.0562452,0.1091326,-0.03578744,0.9917892,354.0445,12.80862,355.1978
0,2.199734,-0.00415783,1.903567,0.4113212,-0.05626868,0.109152,-0.03574356,0.9917873,354.0414,12.81076,355.2024
0,2.211976,-0.004118655,1.903514,0.4113526,-0.05627555,0.1091486,-0.03573123,0.9917877,354.0404,12.81033,355.2038
0,2.224869,-0.004093257,1.903504,0.4113824,-0.05619162,0.109151,-0.03571561,0.9917927,354.0498,12.81,355.2067
0,2.237144,-0.004046813,1.903481,0.4113503,-0.05606782,0.1092133,-0.03571967,0.9917928,354.0642,12.81647,355.2075
0,2.249891,-0.004031193,1.903484,0.4113907,-0.05599153,0.109263,-0.03566892,0.9917935,354.0725,12.82144,355.214
0,2.26211,-0.00403398,1.903507,0.4114477,-0.05611389,0.1092132,-0.03563667,0.9917932,354.0579,12.81625,355.2164
0,2.274595,-0.004027226,1.903478,0.4114442,-0.05633091,0.1093324,-0.03552954,0.9917716,354.0324,12.83075,355.225
0,2.28751,-0.004029944,1.903487,0.4114828,-0.05639165,0.1094278,-0.03551979,0.991758,354.0258,12.8421,355.2247
0,2.309531,-0.004023751,1.903479,0.4115115,-0.05618525,0.1095411,-0.03560612,0.9917541,354.051,12.85443,355.2169
0,2.317391,-0.004037199,1.903472,0.4115331,-0.05600939,0.1095426,-0.03549054,0.991768,354.0695,12.85284,355.2325
0,2.324762,-0.004094381,1.903476,0.4115597,-0.05591169,0.109572,-0.03536624,0.9917747,354.0792,12.85492,355.2479
0,2.336927,-0.004139272,1.903491,0.4115781,-0.05597071,0.1095457,-0.03524009,0.9917787,354.0707,12.8515,355.2617
0,2.349483,-0.004202951,1.903516,0.4116074,-0.05602929,0.1095624,-0.03511532,0.991778,354.0626,12.85306,355.2751
0,2.36231,-0.004264952,1.903517,0.4116287,-0.05610609,0.1095697,-0.03505769,0.9917749,354.0531,12.85404,355.2806
0,2.37439,-0.004323593,1.903509,0.4116501,-0.05606094,0.1096121,-0.03498625,0.9917753,354.0575,12.85825,355.2891
0,2.386845,-0.004365717,1.903502,0.4117048,-0.0560392,0.1096428,-0.03493967,0.9917748,354.0595,12.86139,355.2945
0,2.399745,-0.004431142,1.903478,0.411739,-0.05594404,0.1096109,-0.03490736,0.9917848,354.0698,12.85693,355.2997
0,2.412263,-0.004480599,1.903448,0.4117934,-0.05579427,0.1096426,-0.03491611,0.9917894,354.0871,12.85974,355.3005
0,2.424619,-0.004543464,1.903404,0.4118379,-0.05564763,0.1096563,-0.03487647,0.9917976,354.1034,12.8602,355.3069
0,2.437138,-0.00461199,1.903355,0.4118828,-0.05553111,0.1097262,-0.03491922,0.9917948,354.1176,12.86783,355.3032
0,2.449745,-0.004625537,1.903344,0.4119612,-0.05539199,0.1097715,-0.03492604,0.9917974,354.1337,12.87225,355.304
0,2.470062,-0.004689652,1.903297,0.4120206,-0.0552444,0.1098564,-0.03491342,0.9917967,354.1508,12.8811,355.3069
0,2.478152,-0.004716361,1.903324,0.4120863,-0.05515246,0.1099409,-0.03490721,0.9917927,354.1615,12.89029,355.3084
0,2.487762,-0.004767538,1.903301,0.4121518,-0.05499733,0.1099899,-0.03482856,0.9917986,354.1784,12.89456,355.3192
0,2.499538,-0.004815956,1.903278,0.4122113,-0.05487408,0.1100132,-0.03481414,0.9918033,354.1924,12.89643,355.3223
0,2.512093,-0.004859481,1.90329,0.4122444,-0.05475315,0.1100208,-0.03471784,0.9918126,354.205,12.89603,355.3349
0,2.524843,-0.004909828,1.903301,0.4123062,-0.05462903,0.1099612,-0.03462844,0.9918292,354.2177,12.88788,355.3472
0,2.537292,-0.004968092,1.903302,0.4123529,-0.05456337,0.1099346,-0.03448819,0.9918406,354.2232,12.88361,355.3643
0,2.549668,-0.005034005,1.903304,0.4123517,-0.05448151,0.109889,-0.0343747,0.991854,354.2308,12.8772,355.3786
0,2.562101,-0.005089007,1.903317,0.412405,-0.05439566,0.1098063,-0.03433904,0.9918692,354.2398,12.86691,355.3843
0,2.57488,-0.005132565,1.903275,0.4124499,-0.05438564,0.1097862,-0.03427028,0.9918743,354.24,12.86414,355.3924
0,2.587508,-0.005187241,1.903282,0.41251,-0.05439214,0.1096887,-0.03424414,0.9918857,354.2384,12.85275,355.3959
0,2.60022,-0.005257029,1.903286,0.4125577,-0.05427057,0.1096034,-0.0342923,0.9919,354.2525,12.84244,355.3925
0,2.621528,-0.005308659,1.903171,0.4126427,-0.05420527,0.1094885,-0.03435258,0.9919144,354.2602,12.8291,355.3871
0,2.629463,-0.005377128,1.903142,0.4126886,-0.05407441,0.1094329,-0.03439073,0.9919263,354.2753,12.82211,355.3849
0,2.637393,-0.005457517,1.903059,0.4127711,-0.05385329,0.1093987,-0.0344376,0.9919404,354.3009,12.81711,355.3826
0,2.649958,-0.005531144,1.903021,0.4128265,-0.05370066,0.109396,-0.03454035,0.9919454,354.3196,12.81647,355.3729
0,2.662489,-0.005613261,1.902968,0.4128892,-0.05355761,0.1094054,-0.03461295,0.9919496,354.3369,12.81711,355.3665
0,2.675385,-0.005685519,1.902909,0.4129393,-0.05342446,0.1094965,-0.03470541,0.9919434,354.3537,12.82736,355.3572
0,2.687157,-0.005753201,1.902867,0.4129794,-0.05326349,0.109622,-0.03474473,0.9919369,354.3731,12.84112,355.3541
0,2.699882,-0.005818491,1.90282,0.4130262,-0.05310525,0.1097053,-0.03480665,0.991934,354.3923,12.85016,355.3487
0,2.712249,-0.005893713,1.902775,0.4130682,-0.05286133,0.1098479,-0.03475527,0.991933,354.4201,12.8649,355.357
0,2.725713,-0.005891629,1.902699,0.413031,-0.05269126,0.1099745,-0.03477947,0.9919272,354.4403,12.87866,355.3558
0,2.738106,-0.005944937,1.902664,0.4130515,-0.05258374,0.1101165,-0.03478058,0.9919171,354.4533,12.89444,355.3563
0,2.750715,-0.005963901,1.902583,0.4130186,-0.05240441,0.1102336,-0.0347266,0.9919156,354.4735,12.90662,355.3643
0,2.770795,-0.006003906,1.902548,0.4130219,-0.05227797,0.1103655,-0.03473168,0.9919074,354.4886,12.92114,355.3646
0,2.77774,-0.00603597,1.902518,0.4130226,-0.05212414,0.1104863,-0.03475536,0.9919012,354.507,12.93433,355.3633
0,2.788271,-0.006077004,1.902466,0.4130207,-0.05205838,0.1105816,-0.03477784,0.9918932,354.5152,12.94507,355.3611
0,2.800165,-0.006104182,1.902436,0.4130179,-0.05196582,0.1106319,-0.03476862,0.9918928,354.5259,12.95029,355.3631
0,2.812741,-0.006176575,1.902374,0.4130575,-0.05195859,0.1106237,-0.03477129,0.9918939,354.5267,12.94931,355.363
0,2.824817,-0.006196141,1.902365,0.4130521,-0.05192146,0.1105742,-0.03474746,0.9919022,354.5304,12.94324,355.3665
0,2.837589,-0.00622281,1.902358,0.4130439,-0.05203916,0.1105212,-0.03476772,0.9919013,354.517,12.93793,355.3629
0,2.849835,-0.006255491,1.902323,0.4131124,-0.05211238,0.1104687,-0.03481663,0.9919016,354.5091,12.93256,355.3566
0,2.8625,-0.006260661,1.902296,0.4130856,-0.05200598,0.1104525,-0.03495467,0.9919042,354.5229,12.93079,355.3423
0,2.87526,-0.00624509,1.90224,0.4131443,-0.05185385,0.1104509,-0.03508829,0.9919075,354.5419,12.93042,355.3291
0,2.887381,-0.006246923,1.902227,0.4131301,-0.05166513,0.1104793,-0.03510002,0.9919139,354.5637,12.93265,355.3301
0,2.899744,-0.006248432,1.902236,0.413111,-0.05159111,0.110419,-0.03501935,0.9919272,354.5708,12.92481,355.3407
0,2.912758,-0.006267155,1.902275,0.4131597,-0.05159112,0.1103032,-0.03486477,0.9919456,354.5683,12.91058,355.359
0,2.933417,-0.006264653,1.90229,0.4131491,-0.05165352,0.1102382,-0.03476138,0.9919532,354.5595,12.90289,355.3703
0,2.940924,-0.00625119,1.902294,0.4131564,-0.05161667,0.1102206,-0.03468171,0.9919599,354.5626,12.90021,355.38
0,2.949981,-0.006242601,1.902322,0.4131686,-0.05156063,0.1102959,-0.03470833,0.9919535,354.5697,12.90872,355.3773
0,2.96288,-0.006229066,1.902319,0.4131688,-0.05151244,0.1104055,-0.03469033,0.9919444,354.5754,12.92102,355.3794
0,2.974838,-0.006203454,1.902348,0.4131742,-0.05151331,0.1103767,-0.03460055,0.9919507,354.5741,12.91721,355.3898
0,2.987996,-0.006195264,1.902345,0.4131796,-0.05157566,0.1103739,-0.03453983,0.9919499,354.5662,12.91693,355.3959
0,3.000069,-0.006191048,1.902339,0.4131876,-0.05157099,0.110433,-0.03448807,0.9919453,354.5663,12.92346,355.4016
0,3.012589,-0.006164699,1.902383,0.4132134,-0.05154885,0.1104487,-0.03445432,0.9919459,354.5685,12.92496,355.4057
0,3.025131,-0.006159532,1.902357,0.41322,-0.05156743,0.1105459,-0.03443314,0.9919349,354.5665,12.93619,355.4073
0,3.037682,-0.006135258,1.902357,0.4132439,-0.05148786,0.1105634,-0.03451215,0.9919343,354.5767,12.93817,355.3993
0,3.050296,-0.006131086,1.902327,0.413261,-0.05146174,0.1106462,-0.03458417,0.991924,354.581,12.94797,355.3909
0,3.062812,-0.006130846,1.902313,0.4132725,-0.05140997,0.1107068,-0.03460935,0.9919189,354.5875,12.9548,355.3884
0,3.08572,-0.00609267,1.902317,0.4132946,-0.05132006,0.1107445,-0.03452682,0.9919222,354.5968,12.95819,355.3988
0,3.092726,-0.006095188,1.902323,0.4133164,-0.05133463,0.1107708,-0.03447247,0.9919205,354.5946,12.96103,355.4047
0,3.100088,-0.006110546,1.902342,0.4133362,-0.05137433,0.1107817,-0.03445484,0.9919177,354.5899,12.96243,355.4061
0,3.112137,-0.006117203,1.902341,0.4133552,-0.05138173,0.1109245,-0.03446462,0.9919012,354.5898,12.97904,355.4041
0,3.124659,-0.00611148,1.902255,0.4133332,-0.05126157,0.1110922,-0.0345609,0.9918852,354.6055,12.99823,355.3938
0,3.137039,-0.006111312,1.902235,0.413354,-0.05107338,0.1112393,-0.03454985,0.9918788,354.6275,13.01407,355.3969
0,3.149636,-0.006144568,1.90215,0.4133297,-0.05097113,0.1113232,-0.03452186,0.9918756,354.6392,13.02301,355.401
0,3.162183,-0.006156377,1.902166,0.4133391,-0.05094866,0.1113362,-0.03446342,0.9918774,354.641,13.02408,355.4079
0,3.174655,-0.006174575,1.902193,0.4133459,-0.05095576,0.1113527,-0.03439583,0.9918775,354.6394,13.02567,355.4154
0,3.187411,-0.006168813,1.902201,0.413375,-0.05100642,0.1113237,-0.03433289,0.9918804,354.6327,13.02228,355.4221
0,3.199877,-0.006184445,1.902219,0.4133811,-0.051007,0.1113183,-0.03430009,0.9918821,354.6322,13.02148,355.4259
0,3.212891,-0.006178789,1.902216,0.4133795,-0.05098663,0.1113176,-0.03425639,0.9918846,354.6339,13.02106,355.4311
0,3.234341,-0.006195212,1.902215,0.4133832,-0.05098997,0.1112816,-0.03426057,0.9918885,354.6334,13.01694,355.4308
0,3.241323,-0.006213346,1.902216,0.4133887,-0.05096315,0.1112455,-0.03429485,0.9918927,354.6367,13.01279,355.4274
0,3.24969,-0.00624707,1.902129,0.4133894,-0.05096628,0.1112302,-0.03431504,0.9918936,354.6366,13.01114,355.4252
0,3.262259,-0.006269906,1.902126,0.4134006,-0.0509182,0.1111995,-0.03439866,0.9918966,354.643,13.00775,355.4164
0,3.274725,-0.006272838,1.90208,0.4134519,-0.05092135,0.1111233,-0.03447862,0.9919022,354.6433,12.99939,355.4077
0,3.287161,-0.00629169,1.902075,0.4134557,-0.05084115,0.1111169,-0.03450559,0.991906,354.6528,12.99832,355.4057
0,3.300066,-0.006310216,1.902061,0.4134666,-0.05080599,0.1111532,-0.03458405,0.9919011,354.658,13.00272,355.397
0,3.312229,-0.006297318,1.902071,0.4134596,-0.0507212,0.1112008,-0.03456002,0.9919009,354.6675,13.0076,355.4006
0,3.324854,-0.006309021,1.902072,0.4134673,-0.05066737,0.1113021,-0.03458624,0.9918913,354.6745,13.01913,355.3978
0,3.337272,-0.006323678,1.90208,0.4134792,-0.05058744,0.1114046,-0.03460618,0.9918833,354.6843,13.03061,355.3961
0,3.349887,-0.006347403,1.902097,0.4134741,-0.05054539,0.1114822,-0.03454249,0.9918789,354.6886,13.039,355.4035
0,3.362431,-0.006364991,1.902108,0.4134713,-0.05050861,0.1116281,-0.03445036,0.9918675,354.6923,13.05518,355.4138
0,3.375932,-0.006372172,1.902095,0.4135033,-0.05055016,0.1116655,-0.03442481,0.9918621,354.6874,13.0596,355.4159
0,3.395721,-0.006393676,1.902099,0.4135053,-0.0506027,0.1117348,-0.0342977,0.991856,354.6801,13.06726,355.4294
0,3.403608,-0.006418683,1.902112,0.4135059,-0.05057233,0.1118201,-0.0342373,0.99185,354.6831,13.07663,355.4362
0,3.412397,-0.006426526,1.902085,0.4135505,-0.05052757,0.1118793,-0.03429889,0.9918435,354.6893,13.08353,355.4295
0,3.425397,-0.006447058,1.90208,0.4135492,-0.05055676,0.1119223,-0.0342016,0.9918405,354.6849,13.08817,355.44
0,3.437292,-0.006494766,1.902018,0.4136116,-0.05057929,0.1119372,-0.03422118,0.9918371,354.6827,13.09012,355.4373
0,3.449813,-0.006521826,1.902018,0.4136161,-0.05052718,0.1119394,-0.03416582,0.9918413,354.6879,13.08978,355.4444
0,3.462395,-0.006545398,1.902004,0.413631,-0.0504988,0.1119333,-0.03418621,0.9918427,354.6914,13.08902,355.4424
0,3.474774,-0.006604459,1.901976,0.4136856,-0.05044109,0.111948,-0.03416536,0.9918447,354.6977,13.09027,355.4455
0,3.487592,-0.006625993,1.901978,0.413702,-0.05036839,0.1120007,-0.03413877,0.9918434,354.7059,13.09579,355.4493
0,3.499981,-0.006650224,1.901969,0.4137207,-0.05028343,0.1120559,-0.03409631,0.9918429,354.7153,13.10147,355.455
0,3.512395,-0.006672243,1.901959,0.4137395,-0.05023117,0.1120625,-0.03411537,0.9918442,354.7215,13.10202,355.4535
0,3.525239,-0.006661049,1.901926,0.4137922,-0.05015289,0.1120769,-0.03416417,0.991845,354.7311,13.10348,355.4489
0,3.53815,-0.006676668,1.901919,0.4138107,-0.05011689,0.1121429,-0.03415151,0.9918397,354.7354,13.11084,355.4505
0,3.559214,-0.006689585,1.90193,0.4138948,-0.0500714,0.112176,-0.03411784,0.9918394,354.7402,13.11423,355.4548
0,3.566802,-0.006705988,1.901933,0.4139186,-0.0500484,0.1121956,-0.03407591,0.9918398,354.7424,13.11615,355.4598
0,3.575156,-0.00672328,1.901937,0.4139469,-0.05000831,0.1121758,-0.0340223,0.9918459,354.7462,13.11334,355.4666
0,3.587223,-0.006735701,1.901965,0.4139775,-0.04996418,0.11217,-0.03403498,0.9918483,354.7513,13.11249,355.4657
0,3.600079,-0.006759671,1.901972,0.4140022,-0.04982995,0.1122054,-0.03403233,0.9918511,354.7668,13.11578,355.4677
0,3.612764,-0.006722022,1.901964,0.4139622,-0.04976008,0.1122419,-0.03401934,0.991851,354.7747,13.11954,355.4699
0,3.624662,-0.00673961,1.901961,0.4139789,-0.04971465,0.1122406,-0.03399204,0.9918544,354.7795,13.11899,355.4736
0,3.637202,-0.006756811,1.901961,0.4140016,-0.0496745,0.112256,-0.03399444,0.9918546,354.7842,13.12054,355.4738
0,3.649904,-0.006711677,1.901933,0.4139641,-0.04965606,0.1123765,-0.03398415,0.9918422,354.7867,13.13431,355.4746
0,3.662848,-0.006722115,1.90194,0.4139889,-0.0496166,0.1124087,-0.03399287,0.9918402,354.7914,13.13785,355.474
0,3.676204,-0.006672195,1.901889,0.413996,-0.04961387,0.1125096,-0.03400075,0.9918286,354.7923,13.14954,355.4726
0,3.687539,-0.006683712,1.901888,0.4140119,-0.0496226,0.1125807,-0.03402466,0.9918193,354.792,13.15793,355.4694
0,3.70045,-0.00669824,1.901897,0.4140331,-0.04955706,0.112688,-0.03397686,0.9918121,354.7993,13.16971,355.4752
0,3.72079,-0.006696795,1.901866,0.4140427,-0.04959743,0.1127785,-0.03383612,0.9918045,354.7932,13.17969,355.4902
0,3.729903,-0.006722328,1.901858,0.4140557,-0.04967965,0.1127841,-0.03380835,0.9918008,354.7835,13.18066,355.4922
0,3.737553,-0.006751084,1.901878,0.4140666,-0.04965546,0.1128115,-0.03376,0.9918005,354.7858,13.18344,355.498
0,3.749982,-0.006765231,1.901866,0.4141028,-0.04973726,0.1128443,-0.03376283,0.9917925,354.7767,13.18772,355.4963
0,3.762156,-0.006793982,1.901843,0.4141077,-0.04962544,0.1129611,-0.03388441,0.9917808,354.7915,13.2012,355.4834
0,3.774765,-0.006771714,1.901795,0.4141285,-0.0493671,0.1130682,-0.03398741,0.9917779,354.8228,13.21262,355.4746
0,3.787531,-0.00680135,1.901791,0.4141265,-0.04910487,0.1131699,-0.03400078,0.9917789,354.8533,13.22293,355.4761
0,3.800568,-0.00682773,1.901803,0.4141283,-0.04901112,0.113181,-0.03389646,0.9917857,354.8626,13.22314,355.4893
0,3.812138,-0.006891338,1.901893,0.4141538,-0.04886666,0.1131574,-0.03370005,0.9918022,354.8763,13.2186,355.5138
0,3.824975,-0.006921133,1.901911,0.4141587,-0.04884633,0.1131056,-0.0335984,0.9918126,354.8771,13.21198,355.5259
0,3.83742,-0.006971418,1.901939,0.4141783,-0.04877311,0.1131225,-0.03350976,0.9918173,354.8843,13.21307,355.537
0,3.849898,-0.006988752,1.901942,0.4141813,-0.04869718,0.1131599,-0.03343417,0.9918194,354.8922,13.21658,355.5464
0,3.863621,-0.007001813,1.901951,0.4141814,-0.04864694,0.1131696,-0.03339716,0.9918219,354.8974,13.21723,355.5513
0,3.883356,-0.006973767,1.901925,0.4141984,-0.04862569,0.113141,-0.03339741,0.9918262,354.8997,13.21381,355.5517
0,3.891064,-0.006978954,1.901931,0.4142085,-0.04858351,0.1131053,-0.03343491,0.991831,354.9048,13.20963,355.5482
1,0,-0.01303316,1.899067,0.3963666,-0.03315674,0.01976087,-0.03314918,0.9987047,356.2779,2.393188,356.1201
1,0.0091687,-0.0130489,1.899087,0.3963668,-0.03325796,0.01961848,-0.03304225,0.9987078,356.2655,2.376862,356.1326
1,0.0183374,-0.0130812,1.899098,0.3963632,-0.03333632,0.01963453,-0.03298781,0.9987066,356.2564,2.378815,356.1386
1,0.0281883,-0.01309446,1.899081,0.3963635,-0.03337122,0.01969493,-0.03297409,0.9987048,356.2527,2.385833,356.1399
1,0.0405977,-0.01312063,1.899086,0.3963523,-0.03336859,0.01975669,-0.03294287,0.9987046,356.2531,2.392792,356.1432
1,0.0528991,-0.01310638,1.899115,0.3963974,-0.03336432,0.01977232,-0.03294151,0.9987046,356.2537,2.394562,356.1433
1,0.0657805,-0.013128,1.899119,0.3963907,-0.03334527,0.01978723,-0.03295312,0.9987045,356.2559,2.39624,356.142
1,0.0782131,-0.01315238,1.899119,0.3963885,-0.03335711,0.01980996,-0.03296924,0.9987032,356.2547,2.398956,356.14
1,0.09003119,-0.01313928,1.899094,0.3964252,-0.03337125,0.01973059,-0.03299791,0.9987033,356.2528,2.390014,356.137
1,0.1027852,-0.01316704,1.8991,0.3964409,-0.03335583,0.01968805,-0.03307081,0.9987021,356.2546,2.385346,356.1288
1,0.1151268,-0.01318092,1.899073,0.396413,-0.0334148,0.01972887,-0.03313355,0.9986973,356.2482,2.390503,356.1213
1,0.1283153,-0.01320496,1.89908,0.396422,-0.03344001,0.01974658,-0.03315857,0.9986953,356.2454,2.392731,356.1183
1,0.1489613,-0.0132209,1.899083,0.3964319,-0.03352525,0.01976976,-0.03317106,0.9986916,356.2357,2.395782,356.1165
1,0.1560495,-0.01323042,1.899088,0.3964204,-0.03351786,0.01984186,-0.0332029,0.9986894,356.237,2.404144,356.1126
1,0.1648331,-0.01324829,1.899112,0.3964311,-0.03350978,0.01990875,-0.03317519,0.9986892,356.2381,2.411682,356.1156
1,0.1774779,-0.01327061,1.89912,0.396443,-0.0335197,0.01999757,-0.03314088,0.9986882,356.2372,2.421783,356.1192
1,0.1900923,-0.01328852,1.899137,0.3964529,-0.03356741,0.02007714,-0.03310455,0.9986863,356.232,2.430969,356.1229
1,0.2021029,-0.01330307,1.899151,0.3964624,-0.03361275,0.02015707,-0.03306825,0.9986843,356.227,2.440186,356.1267
1,0.2147411,-0.01329887,1.899126,0.3964465,-0.03359792,0.02024857,-0.0330111,0.9986848,356.2289,2.450409,356.1329
1,0.2272152,-0.01332126,1.899136,0.39645,-0.03358857,0.02033059,-0.03291322,0.9986867,356.23,2.459412,356.1439
1,0.2394606,-0.0133396,1.899144,0.3964567,-0.03363278,0.02041832,-0.0329238,0.9986831,356.2253,2.469696,356.1422
1,0.2523008,-0.01335032,1.899077,0.3964133,-0.03374262,0.02053988,-0.03289528,0.9986778,356.2132,2.483979,356.1447
1,0.2648477,-0.01337847,1.899088,0.3964209,-0.03383485,0.02064747,-0.03285762,0.9986737,356.2029,2.496552,356.1484
1,0.2772456,-0.01340517,1.899021,0.3964098,-0.03390086,0.02075064,-0.03289259,0.9986682,356.1958,2.508789,356.1438
1,0.2905869,-0.01342993,1.899019,0.3964151,-0.03393442,0.02089585,-0.0328734,0.9986647,356.1925,2.525513,356.1454
1,0.3103138,-0.01344921,1.899014,0.3964339,-0.03397199,0.02099498,-0.03286824,0.9986615,356.1886,2.537018,356.1454
1,0.3175405,-0.01341089,1.898976,0.3964562,-0.03391579,0.02118275,-0.03288766,0.9986588,356.1958,2.558411,356.1427
1,0.3271135,-0.01341984,1.898964,0.3964791,-0.03396096,0.02137664,-0.03291985,0.9986521,356.1914,2.580963,356.1381
1,0.3395082,-0.01337084,1.898948,0.396506,-0.03394444,0.02161128,-0.03296744,0.998646,356.1944,2.608002,356.1318
1,0.3528604,-0.01337652,1.898946,0.3965389,-0.03402027,0.0219085,-0.0329866,0.9986363,356.1869,2.642487,356.1282
1,0.3647046,-0.01339412,1.898949,0.3965678,-0.03411079,0.02218695,-0.03305832,0.9986247,356.1778,2.675079,356.1187
1,0.3776103,-0.01337908,1.898938,0.3965701,-0.03422975,0.02251244,-0.0331241,0.9986112,356.1656,2.713165,356.1095
1,0.3896584,-0.01339806,1.898944,0.3966008,-0.03432615,0.0228384,-0.03338932,0.9985916,356.1566,2.751984,356.0775
1,0.4021797,-0.01343506,1.898924,0.3966283,-0.03438985,0.02337792,-0.03374361,0.9985651,356.1524,2.815521,356.0346
1,0.4146739,-0.0134769,1.898897,0.3966582,-0.03427068,0.02378734,-0.03398085,0.9985514,356.1683,2.862915,356.0062
1,0.4271007,-0.01351262,1.898806,0.3966279,-0.03417742,0.02420873,-0.03419948,0.998537,356.1813,2.911713,355.9797
1,0.4399691,-0.01356239,1.898747,0.3966417,-0.03399444,0.02449718,-0.03434231,0.9985313,356.2039,2.94458,355.9628
1,0.4525067,-0.01361057,1.898616,0.3965551,-0.03390772,0.02480059,-0.0345213,0.9985206,356.2156,2.979706,355.9414
1,0.4740519,-0.01369055,1.898587,0.3965658,-0.0338375,0.0250778,-0.03467909,0.9985107,356.2252,3.01181,355.9225
1,0.4813217,-0.01376819,1.898551,0.3965629,-0.03378956,0.02538134,-0.03482851,0.9984994,356.2324,3.046997,355.9043
1,0.4901178,-0.01374125,1.898449,0.3965366,-0.0337191,0.02569442,-0.0350378,0.9984865,356.2424,3.083404,355.8794
1,0.5028759,-0.0138091,1.89842,0.3965236,-0.03359011,0.02604053,-0.03516024,0.9984775,356.259,3.123016,355.8644
1,0.5145593,-0.01381173,1.898376,0.3965551,-0.03354696,0.02635858,-0.03522018,0.9984685,356.2654,3.159546,355.8565
1,0.5270194,-0.01388319,1.898424,0.3965375,-0.03374797,0.02687823,-0.03535373,0.9984432,356.245,3.220551,355.8385
1,0.53947,-0.0139334,1.898454,0.3965334,-0.03391128,0.02685836,-0.03495198,0.9984523,356.2249,3.217468,355.8842
1,0.5520384,-0.0140161,1.898456,0.3964521,-0.03407003,0.02711798,-0.03475317,0.9984468,356.2072,3.247193,355.9055
1,0.5646037,-0.01404192,1.898483,0.3964378,-0.03414574,0.02737805,-0.03453947,0.9984446,356.1989,3.27655,355.9287
1,0.5773319,-0.01414538,1.898471,0.3963929,-0.03427602,0.02774856,-0.03440721,0.9984344,356.185,3.319122,355.942
1,0.5897516,-0.01418103,1.898484,0.3963884,-0.03447488,0.02814862,-0.03422982,0.9984224,356.1632,3.365204,355.9601
1,0.6021319,-0.01420274,1.898504,0.3963949,-0.03462725,0.02852482,-0.03412643,0.99841,356.147,3.408631,355.97
1,0.6147984,-0.01427462,1.898475,0.3964209,-0.03483375,0.02893985,-0.0339794,0.9983959,356.1245,3.456574,355.9845
1,0.636207,-0.01429833,1.898497,0.396451,-0.03512574,0.02937962,-0.03384947,0.9983773,356.0923,3.507782,355.9966
1,0.6446323,-0.01431724,1.898526,0.3964842,-0.03532925,0.02973965,-0.03364431,0.9983664,356.0698,3.549164,356.018
1,0.6522382,-0.01435108,1.898524,0.3965739,-0.03559766,0.03023236,-0.03351791,0.9983463,356.0405,3.606354,356.0295
1,0.6652061,-0.01436539,1.89855,0.3965985,-0.03588101,0.03086469,-0.03338278,0.9983213,356.0101,3.679596,356.0414
1,0.6768703,-0.01440365,1.89854,0.396661,-0.03609509,0.03139018,-0.03327465,0.9983009,355.9872,3.740387,356.0508
1,0.6903714,-0.01440437,1.898564,0.3966889,-0.03636045,0.03199043,-0.03315636,0.9982762,355.9588,3.809936,356.0609
1,0.7021064,-0.01441199,1.8986,0.3967235,-0.0366329,0.03271751,-0.03293305,0.99825,355.9296,3.893647,356.0825
1,0.7147155,-0.01444365,1.898697,0.3967121,-0.03692358,0.03330781,-0.03270381,0.9982272,355.8977,3.9617,356.1052
1,0.7272487,-0.01446322,1.898747,0.3967354,-0.03735323,0.03385183,-0.0324552,0.9982011,355.8496,4.024933,356.1296
1,0.7397923,-0.01444533,1.898845,0.3967703,-0.03775341,0.03446969,-0.03224095,0.9981718,355.8053,4.09665,356.1499
1,0.7522482,-0.01444236,1.898884,0.3967967,-0.0381214,0.03514042,-0.03216829,0.9981369,355.7654,4.174897,356.1538
1,0.7651278,-0.01444193,1.898933,0.3968112,-0.03845636,0.03585669,-0.0319315,0.9981061,355.7288,4.257538,356.1764
1,0.7880639,-0.0144467,1.898938,0.3968625,-0.03879978,0.03646989,-0.03175869,0.998076,355.6911,4.328645,356.192
1,0.7954001,-0.01445201,1.899006,0.3968719,-0.0391974,0.03709257,-0.03145319,0.9980472,355.6466,4.400483,356.2225
1,0.8023251,-0.0144552,1.899065,0.3968877,-0.03957385,0.03765099,-0.03111485,0.9980221,355.6041,4.464691,356.2571
1,0.8165464,-0.01445001,1.899114,0.396901,-0.03994633,0.03824037,-0.03077434,0.9979954,355.5621,4.532411,356.2918
1,0.8285316,-0.01442192,1.899162,0.3969076,-0.04026607,0.03907106,-0.0306461,0.9979544,355.528,4.628571,356.3013
1,0.8409722,-0.01440095,1.899199,0.3969397,-0.04073392,0.03964551,-0.03032155,0.9979226,355.475,4.695008,356.3336
1,0.8531424,-0.01439983,1.899233,0.3969106,-0.04096568,0.04028947,-0.03005172,0.9978955,355.4495,4.768707,356.3605
1,0.8655683,-0.01435983,1.899268,0.3969315,-0.0411479,0.04086172,-0.0298733,0.9978701,355.4299,4.834381,356.3775
1,0.8779856,-0.01433127,1.899299,0.3969453,-0.04146977,0.04152117,-0.02973717,0.9978335,355.3947,4.910828,356.3884
1,0.890159,-0.01432559,1.899374,0.3969222,-0.0419071,0.04229522,-0.02951069,0.9977896,355.3463,5.000488,356.4085
1,0.9028944,-0.01429773,1.899435,0.3969233,-0.04228827,0.0429639,-0.02926098,0.9977523,355.3038,5.077697,356.432
1,0.9156035,-0.01426235,1.899441,0.3968634,-0.04264074,0.04354009,-0.02896884,0.9977208,355.264,5.143952,356.4609
1,0.936008,-0.01422658,1.899499,0.3968661,-0.04293624,0.04412158,-0.02867573,0.9976911,355.2307,5.210571,356.4902
1,0.942749,-0.01418713,1.899552,0.3968484,-0.04329874,0.04481117,-0.02832259,0.9976548,355.1898,5.289581,356.5254
1,0.9526303,-0.01412008,1.899595,0.396808,-0.04365313,0.04552168,-0.02793016,0.9976183,355.1495,5.370758,356.565
1,0.9649451,-0.01408277,1.899653,0.3967956,-0.0440014,0.04616271,-0.02758881,0.997583,355.11,5.444153,356.5991
1,0.9775084,-0.01405592,1.899658,0.396766,-0.04433631,0.04676755,-0.0272383,0.9975496,355.0718,5.513275,356.6344
1,0.9897881,-0.01401948,1.899713,0.3967479,-0.04467756,0.04739455,-0.02687087,0.9975147,355.0328,5.584869,356.6715
1,1.002549,-0.0139886,1.899783,0.3967305,-0.04509725,0.04816938,-0.02643464,0.9974704,354.9848,5.673401,356.7152
1,1.014847,-0.01395912,1.899834,0.3967212,-0.04545584,0.0488559,-0.02595135,0.9974334,354.9432,5.751281,356.765
1,1.027377,-0.01393962,1.899897,0.3967067,-0.04575856,0.0494181,-0.02554747,0.9974023,354.9081,5.815033,356.8067
1,1.039857,-0.01391498,1.899968,0.3966711,-0.04609304,0.05001667,-0.02512374,0.9973678,354.8692,5.882966,356.8502
1,1.052193,-0.01386919,1.900018,0.3966824,-0.04658569,0.05068942,-0.02468856,0.9973218,354.8123,5.95993,356.8936
1,1.064977,-0.0138584,1.900084,0.3966692,-0.04692145,0.05130484,-0.02429947,0.9972842,354.7734,6.029938,356.933
1,1.077772,-0.01385417,1.900096,0.396617,-0.04731725,0.05192124,-0.02386255,0.9972441,354.7273,6.100006,356.9774
1,1.099403,-0.01384427,1.900162,0.3966036,-0.04767227,0.05254959,-0.02345211,0.997204,354.686,6.171417,357.0189
1,1.107012,-0.01383573,1.900233,0.3965994,-0.04810865,0.05314204,-0.0229883,0.9971624,354.6349,6.238679,357.0661
1,1.114887,-0.01384592,1.900248,0.3965421,-0.04863425,0.05380061,-0.02242554,0.9971145,354.5732,6.313293,357.1237
1,1.127835,-0.01383765,1.900307,0.3965382,-0.0490294,0.05435871,-0.02195944,0.9970753,354.5266,6.376373,357.1715
1,1.139709,-0.01376721,1.900351,0.3965327,-0.0493783,0.05496893,-0.02151833,0.9970343,354.4855,6.445405,357.2165
1,1.152389,-0.01375123,1.900415,0.3965398,-0.04969068,0.05562108,-0.02106408,0.9969921,354.4486,6.519043,357.2629
1,1.164506,-0.01373961,1.900483,0.3965616,-0.05010289,0.05629946,-0.02056478,0.9969439,354.3999,6.595765,357.3136
1,1.177108,-0.01366718,1.900517,0.396585,-0.05043804,0.05694392,-0.02015931,0.9968986,354.3606,6.668823,357.3542
1,1.190084,-0.01365958,1.900581,0.3965989,-0.05072869,0.05754518,-0.01967573,0.9968591,354.3257,6.736297,357.4043
1,1.202316,-0.01365906,1.900647,0.3966121,-0.05115042,0.05831295,-0.01912419,0.9968036,354.2756,6.822968,357.4602
1,1.214769,-0.01365682,1.900705,0.3966227,-0.05151742,0.05897568,-0.01855886,0.9967564,354.2314,6.897247,357.5187
1,1.227104,-0.0136346,1.900727,0.3965973,-0.05185466,0.05958324,-0.01811169,0.9967111,354.1912,6.965728,357.5641
1,1.239893,-0.01364256,1.900794,0.3966057,-0.05223029,0.06021476,-0.0175981,0.9966626,354.1461,7.036683,357.6166
1,1.261134,-0.01367592,1.900854,0.3965361,-0.05275298,0.06091384,-0.01708463,0.9966015,354.0843,7.115845,357.6676
1,1.268782,-0.01369827,1.900922,0.3965397,-0.05319211,0.06148827,-0.01652198,0.9965525,354.0313,7.180054,357.7255
1,1.277193,-0.0137181,1.900982,0.396551,-0.05358455,0.06198799,-0.01601579,0.9965087,353.9838,7.235809,357.7777
1,1.289686,-0.01380275,1.900959,0.3965099,-0.0540274,0.06261914,-0.01550842,0.9964534,353.9308,7.306824,357.8288
1,1.302057,-0.01385176,1.901038,0.3965217,-0.05448519,0.06324788,-0.01490996,0.9963979,353.8754,7.377013,357.8902
1,1.314967,-0.01393729,1.901032,0.3965046,-0.05489935,0.06385314,-0.01451613,0.9963424,353.8263,7.445589,357.9285
1,1.327118,-0.01397823,1.901071,0.3964931,-0.05517695,0.06453004,-0.01415594,0.9962887,353.7932,7.522216,357.9635
1,1.339741,-0.01401696,1.901113,0.3964857,-0.05535832,0.06514628,-0.01374914,0.9962441,353.7706,7.591278,358.0049
1,1.352367,-0.01407739,1.901145,0.3963546,-0.05573161,0.06578624,-0.01310873,0.9961899,353.7242,7.662139,358.0715
1,1.364718,-0.01413285,1.901233,0.3963357,-0.05617059,0.06624769,-0.01234354,0.9961444,353.669,7.711762,358.153
1,1.377981,-0.01419463,1.901269,0.3963225,-0.0567676,0.06677251,-0.01151109,0.9960855,353.5951,7.768616,358.2405
1,1.389914,-0.01423338,1.901357,0.3963323,-0.05726951,0.0673694,-0.01070493,0.9960256,353.5324,7.833618,358.3252
1,1.411476,-0.01425903,1.901439,0.3963584,-0.05779063,0.06818911,-0.009988963,0.9959471,353.4684,7.924896,358.3978
1,1.418504,-0.01427918,1.901501,0.3964159,-0.05812325,0.0689273,-0.009372922,0.9958829,353.4266,8.006899,358.461
1,1.427477,-0.01427593,1.901535,0.3964508,-0.05827805,0.06970115,-0.008734857,0.9958259,353.4049,8.092408,358.5279
1,1.439781,-0.01427488,1.901564,0.3965045,-0.05839948,0.07042329,-0.008145956,0.9957729,353.3873,8.17218,358.5897
1,1.451881,-0.01428262,1.901592,0.3965361,-0.05861463,0.07118145,-0.007455314,0.9957118,353.358,8.255645,358.6621
1,1.464316,-0.014284,1.901602,0.3965857,-0.05881695,0.07183769,-0.006807632,0.9956573,353.3303,8.327577,358.7304
1,1.477736,-0.01425332,1.901559,0.39658,-0.05892598,0.07247645,-0.006212632,0.9956085,353.3137,8.397614,358.7935
1,1.490601,-0.0142575,1.901553,0.3966386,-0.05906134,0.07315192,-0.005642802,0.9955544,353.2942,8.472106,358.8532
1,1.5027,-0.01426355,1.901544,0.3966799,-0.0591987,0.07372203,-0.005305028,0.9955062,353.2762,8.535979,358.887
1,1.515289,-0.01424688,1.90152,0.3966717,-0.0592164,0.0742234,-0.005055945,0.995469,353.2726,8.592254,358.912
1,1.527567,-0.01424879,1.901503,0.3967056,-0.05921819,0.07466669,-0.004824569,0.9954369,353.2709,8.641907,358.9356
1,1.540304,-0.01423239,1.901484,0.3967055,-0.0592419,0.07509211,-0.004584691,0.9954047,353.2665,8.689485,358.9601
1,1.561253,-0.0142411,1.901487,0.3967251,-0.05928884,0.07546221,-0.004389306,0.9953749,353.2599,8.731018,358.9796
1,1.568317,-0.01425131,1.901488,0.3967369,-0.05941845,0.07567413,-0.004198959,0.9953518,353.2436,8.754487,358.9988
1,1.577264,-0.01425343,1.901474,0.396713,-0.05945374,0.07587583,-0.004032228,0.995335,353.2383,8.776733,359.0163
1,1.589595,-0.01425932,1.901447,0.3966982,-0.05947163,0.07600889,-0.003973682,0.995324,353.2358,8.791748,359.0219
1,1.602141,-0.01426431,1.901431,0.3966861,-0.05939853,0.07609415,-0.003870382,0.9953224,353.2434,8.800751,359.0339
1,1.614554,-0.01426535,1.901416,0.3966706,-0.05939881,0.07616384,-0.003807463,0.9953172,353.2429,8.80838,359.0406
1,1.628287,-0.0142933,1.901386,0.3966541,-0.05936134,0.0761105,-0.003723404,0.9953239,353.2463,8.801575,359.051
1,1.640035,-0.01430262,1.901396,0.3966279,-0.05933467,0.0760197,-0.003634773,0.9953328,353.2485,8.790434,359.062
1,1.652257,-0.0143276,1.901412,0.3965563,-0.05936129,0.07590966,-0.003570476,0.9953398,353.2448,8.777343,359.0699
1,1.665058,-0.01433604,1.901416,0.3965356,-0.05946359,0.07578674,-0.003460627,0.9953434,353.232,8.762604,359.0824
1,1.677017,-0.01434441,1.901423,0.3965243,-0.05941786,0.07564598,-0.003414271,0.995357,353.2367,8.745941,359.0891
1,1.689757,-0.01438119,1.901421,0.3965151,-0.05940211,0.07558252,-0.003392863,0.9953629,353.2383,8.738434,359.0922
1,1.702442,-0.01439247,1.901398,0.3965161,-0.05936693,0.07541943,-0.00333677,0.9953774,353.2417,8.719148,359.1
1,1.724,-0.0144261,1.901412,0.3965085,-0.05927123,0.07539919,-0.003357988,0.9953846,353.2528,8.716767,359.0986
1,1.731263,-0.01444326,1.901403,0.3965213,-0.05919986,0.07531253,-0.003401471,0.9953953,353.2613,8.706909,359.0948
1,1.739483,-0.0144513,1.901396,0.3965409,-0.05918956,0.07523622,-0.003390132,0.9954016,353.2623,8.697998,359.0967
1,1.752761,-0.01445863,1.901405,0.3965391,-0.05909526,0.07526119,-0.003447087,0.9954052,353.2736,8.701082,359.0909
1,1.764455,-0.01444876,1.901389,0.3965638,-0.05901662,0.07536215,-0.003410095,0.9954024,353.2823,8.712342,359.0951
1,1.777169,-0.01443842,1.901386,0.3965779,-0.05896607,0.07542498,-0.003498317,0.9954003,353.289,8.720093,359.085
1,1.789422,-0.01443512,1.901391,0.3966125,-0.05897361,0.075565,-0.003500897,0.9953893,353.2883,8.736299,359.0837
1,1.801988,-0.01442997,1.901401,0.3966413,-0.05899186,0.07571447,-0.003405497,0.9953771,353.2855,8.752961,359.0935
1,1.814592,-0.01446064,1.90141,0.3966271,-0.05903488,0.07588246,-0.003329669,0.995362,353.28,8.771943,359.1007
1,1.827393,-0.0144656,1.901427,0.3966359,-0.05908522,0.07601251,-0.003231945,0.9953495,353.2735,8.786407,359.1106
1,1.839428,-0.01446728,1.901444,0.3966435,-0.05910044,0.07611632,-0.003068563,0.9953411,353.2704,8.797334,359.1285
1,1.852077,-0.01448125,1.901435,0.3966185,-0.05911415,0.07624296,-0.002831149,0.9953314,353.2669,8.810394,359.1548
1,1.865848,-0.01448575,1.901447,0.3966272,-0.05910935,0.07628489,-0.002733886,0.9953287,353.2666,8.814575,359.1657
1,1.885904,-0.01446977,1.901428,0.3966334,-0.0591547,0.07633857,-0.002620346,0.9953222,353.2605,8.820102,359.1779
1,1.894502,-0.01447474,1.901435,0.3966372,-0.05916876,0.07637372,-0.002452781,0.9953191,353.2574,8.82306,359.1968
1,1.902089,-0.01448241,1.901443,0.3966407,-0.059189,0.07646057,-0.002416312,0.9953112,353.2549,8.832887,359.2003
1,1.914244,-0.01447566,1.90142,0.3966489,-0.05918864,0.07654566,-0.0022619,0.9953052,353.2536,8.841675,359.2174
1,1.927379,-0.01449222,1.901434,0.3966598,-0.05917644,0.07651692,-0.002118969,0.9953084,353.2537,8.837373,359.2341
1,1.939592,-0.01450387,1.901395,0.3966234,-0.05915301,0.07654447,-0.001983335,0.995308,353.2552,8.8396,359.2497
1,1.951993,-0.01451174,1.901394,0.3966295,-0.05913499,0.07653335,-0.00190238,0.99531,353.2565,8.837737,359.2593
1,1.964241,-0.01452014,1.901397,0.3966301,-0.05900214,0.07659375,-0.001871148,0.9953134,353.2715,8.844268,359.2636
1,1.977336,-0.01450721,1.901406,0.3966478,-0.05897427,0.07658783,-0.001826102,0.9953156,353.2743,8.84323,359.2691
1,1.989645,-0.01451293,1.901413,0.3966656,-0.05893609,0.07657269,-0.001787403,0.995319,353.2783,8.841157,359.274
1,2.002529,-0.01450848,1.901422,0.3966921,-0.05886494,0.07657053,-0.00176598,0.9953235,353.2863,8.840636,359.2771
1,2.014757,-0.01451055,1.901413,0.3967142,-0.05888633,0.07660428,-0.001829879,0.9953195,353.2844,8.845001,359.2693
1,2.027254,-0.01446119,1.901421,0.3967794,-0.05875159,0.07663856,-0.001825809,0.9953248,353.2998,8.848694,359.2708
1,2.047889,-0.01445675,1.901413,0.3967957,-0.05870562,0.07669928,-0.001806807,0.9953228,353.305,8.8555,359.273
1,2.055146,-0.01448838,1.901379,0.3968257,-0.05856528,0.07673515,-0.001748854,0.9953284,353.3205,8.85901,359.2806
1,2.064929,-0.01448278,1.901384,0.3968536,-0.05843596,0.07672878,-0.001700846,0.9953367,353.3349,8.857725,359.2874
1,2.077292,-0.01447824,1.901395,0.39687,-0.05836799,0.07674551,-0.00174065,0.9953393,353.343,8.859802,359.2833
1,2.08957,-0.01455324,1.901342,0.3968856,-0.05842335,0.07674868,-0.00168449,0.9953359,353.3362,8.859895,359.2892
1,2.102363,-0.01454864,1.901351,0.3968994,-0.05838101,0.07678494,-0.001745172,0.9953355,353.3416,8.86441,359.2824
1,2.114714,-0.01456362,1.901293,0.3968969,-0.05834031,0.07684837,-0.001750845,0.995333,353.3464,8.871704,359.2817
1,2.127409,-0.01456401,1.901289,0.3969132,-0.05829339,0.07689025,-0.001715205,0.9953326,353.3514,8.876221,359.2859
1,2.139682,-0.01455982,1.901278,0.396933,-0.05822189,0.07686993,-0.00168751,0.9953384,353.3594,8.873566,359.2899
1,2.152613,-0.01458332,1.901245,0.3969138,-0.05817995,0.07689669,-0.001563375,0.9953389,353.3631,8.875764,359.3044
1,2.164654,-0.01459244,1.901262,0.3969317,-0.05824153,0.07690994,-0.001500658,0.9953344,353.3555,8.876984,359.3109
1,2.177598,-0.01463181,1.901229,0.3969155,-0.05835796,0.07694999,-0.001499632,0.9953244,353.3422,8.881806,359.3097
1,2.199064,-0.01463932,1.901235,0.3969212,-0.05830744,0.07698272,-0.001430551,0.995325,353.3474,8.88504,359.3179
1,2.20661,-0.01463276,1.90121,0.3969279,-0.05817452,0.07705692,-0.001456424,0.995327,353.3629,8.893555,359.3156
1,2.214782,-0.01467511,1.901174,0.396933,-0.05794976,0.07716522,-0.001321245,0.9953318,353.3875,8.904785,359.3324
1,2.227345,-0.01466789,1.901193,0.3969154,-0.05777513,0.07726261,-0.00115946,0.9953347,353.4061,8.914674,359.3519
2,0,-0.01621603,1.899219,0.3973857,-0.04554044,0.06447995,-0.00600547,0.9968613,354.8352,7.44812,358.9733
2,0.0119284,-0.01623615,1.899208,0.3974178,-0.04556449,0.06443835,-0.005944313,0.9968632,354.832,7.443055,358.9803
2,0.0238568,-0.01623306,1.899225,0.397429,-0.04556908,0.06451716,-0.005963782,0.9968578,354.8317,7.45224,358.9776
2,0.036586,-0.01622363,1.899235,0.3974369,-0.04562371,0.06457632,-0.005896511,0.9968518,354.825,7.458801,358.9846
2,0.0493202,-0.01624927,1.899222,0.3974722,-0.04561648,0.06466506,-0.005876051,0.9968466,354.8257,7.468903,358.9866
2,0.0723612,-0.01623918,1.899233,0.3974928,-0.04564681,0.06470756,-0.005881403,0.9968423,354.8224,7.473878,358.9855
2,0.0804185,-0.01625407,1.899195,0.3974837,-0.0456364,0.06471844,-0.005819192,0.9968425,354.8231,7.474792,358.9927
2,0.08726,-0.0162399,1.899215,0.3974944,-0.04562741,0.06473071,-0.005749439,0.9968425,354.8236,7.475831,359.0007
2,0.1000728,-0.01622627,1.899228,0.3975091,-0.0456854,0.06472676,-0.005724101,0.9968402,354.8168,7.475342,359.0031
2,0.1129908,-0.01622314,1.899223,0.3975251,-0.04574347,0.06470712,-0.005705903,0.996839,354.81,7.473083,359.0049
2,0.1250045,-0.01621305,1.899249,0.3975384,-0.04576328,0.06471353,-0.005686675,0.9968378,354.8076,7.473754,359.0069
2,0.1373632,-0.01620096,1.899269,0.397543,-0.04581137,0.06469623,-0.005643308,0.996837,354.8017,7.471617,359.0116
2,0.1506785,-0.01616232,1.899284,0.3975663,-0.04584738,0.06465874,-0.005611193,0.9968379,354.7973,7.467194,359.0152
2,0.1622909,-0.01614433,1.899301,0.3975678,-0.04589564,0.06466317,-0.005556351,0.9968357,354.7914,7.4675,359.0211
2,0.1744631,-0.01613221,1.899265,0.3975783,-0.04599602,0.06465732,-0.00554807,0.9968315,354.7798,7.466951,359.0214
2,0.1871387,-0.0161269,1.899293,0.3975781,-0.04603838,0.06465556,-0.005520815,0.9968298,354.7748,7.466675,359.0242
2,0.2000971,-0.01611689,1.899329,0.397581,-0.04607951,0.06460762,-0.005436691,0.9968315,354.7694,7.460784,359.0338
2,0.2217991,-0.01610357,1.89929,0.3975562,-0.04615887,0.06457034,-0.005380997,0.9968305,354.7599,7.456331,359.0397
2,0.2303955,-0.0160907,1.899309,0.3975545,-0.04622896,0.06462925,-0.005368416,0.9968235,354.7518,7.463166,359.0403
2,0.2379149,-0.01606426,1.899309,0.3975101,-0.04631588,0.06465919,-0.005387247,0.9968174,354.742,7.466857,359.0374
2,0.2486701,-0.01605215,1.899327,0.3975065,-0.04637007,0.06471358,-0.005380199,0.9968114,354.7358,7.473176,359.0375
2,0.2611528,-0.01603912,1.89934,0.3974921,-0.04643533,0.0647743,-0.005311861,0.9968049,354.7279,7.479918,359.0445
2,0.2740306,-0.01603407,1.899339,0.397433,-0.04652653,0.06478219,-0.005267344,0.9968003,354.7171,7.480743,359.0489
2,0.286294,-0.0160364,1.899345,0.3974182,-0.04676476,0.06471936,-0.00522828,0.9967934,354.6895,7.473693,359.0519
2,0.298963,-0.01605167,1.899371,0.3973886,-0.04697264,0.06474788,-0.005206035,0.996782,354.6656,7.477203,359.0527
2,0.3110974,-0.01608035,1.899405,0.3973725,-0.04721073,0.0646724,-0.005268821,0.9967752,354.6387,7.469238,359.0441
2,0.3239425,-0.01610104,1.899373,0.3972828,-0.04738883,0.0645389,-0.005315959,0.9967752,354.6186,7.454408,359.0381
2,0.336993,-0.01613688,1.899365,0.3972425,-0.04743266,0.0645102,-0.005355137,0.9967747,354.6138,7.451385,359.0334
2,0.3492352,-0.01615123,1.899364,0.3972279,-0.04730174,0.06443519,-0.005300403,0.9967862,354.6283,7.442231,359.041
2,0.3617406,-0.01619634,1.899362,0.397205,-0.04719318,0.06450254,-0.0052301,0.9967873,354.6403,7.449432,359.0496
2,0.3822576,-0.01623474,1.899382,0.3972061,-0.04705064,0.06451929,-0.005175856,0.9967933,354.6562,7.450837,359.0568
2,0.3902439,-0.01624581,1.899433,0.3972138,-0.0470236,0.06458266,-0.005148477,0.9967905,354.6591,7.457948,359.0598
2,0.3991896,-0.01627598,1.899439,0.3972276,-0.04691375,0.06464091,-0.005125627,0.996792,354.6716,7.464355,359.0629
2,0.4114335,-0.01628448,1.899444,0.3972364,-0.04670613,0.06476687,-0.005146836,0.9967935,354.6956,7.478639,359.0614
2,0.4235668,-0.0162992,1.899419,0.3972655,-0.04666561,0.06486433,-0.005252164,0.9967884,354.7012,7.490356,359.0491
2,0.4368305,-0.01631909,1.899406,0.3972903,-0.04662439,0.06497717,-0.005242517,0.9967831,354.7059,7.503236,359.0499
2,0.4491246,-0.01634393,1.89938,0.3973238,-0.04656142,0.06501802,-0.005307209,0.9967831,354.7137,7.508179,359.0428
2,0.4614579,-0.01636329,1.899354,0.397368,-0.04653968,0.06512468,-0.005351349,0.9967769,354.7166,7.520662,359.0373
2,0.4740744,-0.01638201,1.899314,0.3973474,-0.0465522,0.06521537,-0.005373938,0.9967703,354.7154,7.531249,359.0341
2,0.4863425,-0.01638819,1.899287,0.3973863,-0.04652388,0.06535626,-0.005447662,0.996762,354.7193,7.547822,359.0251
2,0.4987867,-0.01639613,1.899274,0.3974299,-0.04647267,0.06550826,-0.005476688,0.9967542,354.7256,7.565399,359.0214
2,0.5120851,-0.01641368,1.89925,0.3974341,-0.04640799,0.06563003,-0.005540186,0.9967489,354.7336,7.579651,359.014
2,0.5331397,-0.01640478,1.899235,0.3974645,-0.04636731,0.0657707,-0.005570726,0.9967414,354.7386,7.595947,359.01
2,0.5402061,-0.01639825,1.899216,0.3974996,-0.04629926,0.06586121,-0.005594481,0.9967384,354.7467,7.606383,359.0074
2,0.5488967,-0.0164485,1.899211,0.3975367,-0.04617777,0.06599076,-0.005534786,0.9967358,354.7603,7.62079,359.0145
2,0.5612865,-0.01645423,1.899243,0.3975737,-0.04616492,0.06604946,-0.005488414,0.9967328,354.7614,7.627288,359.0196
2,0.5739813,-0.01649858,1.899229,0.3976157,-0.04639715,0.06608145,-0.005397878,0.9967203,354.7342,7.630891,359.028
2,0.5866265,-0.01649998,1.899244,0.3976225,-0.04639668,0.06613845,-0.005408614,0.9967165,354.7344,7.637513,359.0265
2,0.5991426,-0.01649512,1.899231,0.3976392,-0.04633484,0.06617837,-0.005453358,0.9967165,354.7418,7.642241,359.0216
2,0.6114314,-0.01649789,1.89918,0.3976477,-0.04627791,0.06622542,-0.00552055,0.9967156,354.7489,7.647919,359.0141
2,0.6242058,-0.01649567,1.899178,0.3976463,-0.04624352,0.06623076,-0.005565987,0.9967167,354.7532,7.648711,359.0091
2,0.6368574,-0.01654063,1.899167,0.3976098,-0.04623894,0.06616429,-0.005520288,0.9967216,354.7533,7.640807,359.0147
2,0.6490051,-0.01654621,1.899184,0.3975861,-0.04637373,0.06609973,-0.005481032,0.9967198,354.7375,7.633392,359.0185
2,0.6617783,-0.01654905,1.899208,0.3975816,-0.04647164,0.06601074,-0.005489481,0.996721,354.7263,7.623352,359.0173
2,0.6743506,-0.01655677,1.899207,0.3975554,-0.04654751,0.06596448,-0.005480543,0.9967206,354.7175,7.618104,359.018
2,0.6948326,-0.01655614,1.899206,0.3975431,-0.04660303,0.06595703,-0.005469281,0.9967185,354.711,7.61728,359.0189
2,0.7021077,-0.01654878,1.899203,0.3975397,-0.04660462,0.06592843,-0.005514802,0.9967201,354.7112,7.614228,359.0138
2,0.711667,-0.01654025,1.899185,0.3975274,-0.04663373,0.06595723,-0.005536034,0.9967168,354.708,7.617706,359.011
2,0.724074,-0.01651666,1.899171,0.3975442,-0.04669801,0.06599828,-0.005567418,0.9967109,354.701,7.622712,359.0067
2,0.7364621,-0.01651127,1.899178,0.3975394,-0.04674127,0.06605284,-0.005611261,0.9967049,354.6964,7.629303,359.001
2,0.7494559,-0.01650692,1.899205,0.3975412,-0.0468262,0.06608809,-0.00562388,0.9966986,354.6868,7.633577,358.9987
2,0.7626197,-0.0164951,1.899219,0.3975364,-0.04691543,0.06612063,-0.005515098,0.9966928,354.6758,7.636903,359.0103
2,0.7743235,-0.01648335,1.899237,0.3975285,-0.04694633,0.06621762,-0.005475605,0.9966851,354.6721,7.64792,359.0141
2,0.7867355,-0.01646278,1.899215,0.3975033,-0.0469768,0.06632797,-0.005485051,0.9966763,354.6687,7.660735,359.0122
2,0.7991982,-0.01644819,1.899236,0.397494,-0.04691421,0.06640673,-0.005520398,0.9966738,354.6763,7.66989,359.0082
2,0.8121943,-0.01644111,1.899206,0.3974591,-0.04690945,0.06647503,-0.00554016,0.9966694,354.677,7.677857,359.0056
2,0.8245631,-0.0164362,1.899221,0.3974333,-0.04702007,0.06645361,-0.005451939,0.9966661,354.6637,7.67511,359.015
2,0.8455321,-0.01643436,1.899243,0.3974042,-0.04711064,0.06645106,-0.005432322,0.9966621,354.6531,7.674865,359.0165
2,0.8528809,-0.01645001,1.899245,0.3973565,-0.04719766,0.0663986,-0.005387663,0.9966617,354.6428,7.668732,359.0212
2,0.8617275,-0.01644786,1.899246,0.3973167,-0.04729674,0.06641021,-0.005425634,0.9966561,354.6317,7.670441,359.0161
2,0.8743604,-0.01644167,1.899237,0.3972536,-0.04733968,0.06642936,-0.005387039,0.996653,354.6266,7.672514,359.0201
2,0.8874918,-0.01644224,1.899241,0.397229,-0.04731645,0.06640022,-0.005428813,0.9966558,354.6295,7.669342,359.0156
2,0.8993053,-0.01643821,1.899229,0.3972037,-0.04739327,0.0664096,-0.00543053,0.9966515,354.6208,7.670563,359.0147
2,0.9115355,-0.01644264,1.899241,0.397171,-0.04736249,0.06636105,-0.005447773,0.9966561,354.6244,7.665009,359.0133
2,0.9243638,-0.01643595,1.899239,0.3971469,-0.04741903,0.06638841,-0.005450738,0.9966515,354.6179,7.668274,359.0123
2,0.9368196,-0.01643108,1.899242,0.3971231,-0.04745056,0.06638256,-0.005441249,0.9966505,354.6142,7.667604,359.0132
2,0.9494915,-0.01641593,1.899265,0.3971137,-0.04753047,0.06631806,-0.005480784,0.9966508,354.6053,7.660522,359.0084
2,0.9620334,-0.01641047,1.899273,0.3970872,-0.04762975,0.06636786,-0.00554527,0.9966424,354.5945,7.66678,359
2,0.9742642,-0.01638407,1.89928,0.3970881,-0.0477575,0.06634317,-0.005556334,0.9966378,354.58,7.664216,358.9978
2,0.9874341,-0.01637822,1.899302,0.3970734,-0.04783591,0.06636779,-0.005536973,0.9966325,354.5709,7.667084,358.9993
2,1.007985,-0.01636789,1.899329,0.3970616,-0.04791446,0.06632977,-0.005453191,0.9966317,354.5612,7.662385,359.0085
2,1.014866,-0.01638811,1.899338,0.3970601,-0.04798301,0.06637321,-0.005448125,0.9966255,354.5533,7.667481,359.0083
2,1.024348,-0.01638057,1.899364,0.397048,-0.0480065,0.06635349,-0.005409367,0.9966259,354.5503,7.66504,359.0127
2,1.036951,-0.01640656,1.899381,0.3970464,-0.04805968,0.06637087,-0.005349434,0.9966226,354.5438,7.666807,359.019
2,1.049304,-0.01640495,1.899399,0.3970324,-0.04808347,0.06634834,-0.005297696,0.9966232,354.5407,7.66397,359.0249
2,1.061789,-0.01640117,1.899414,0.3970243,-0.04811911,0.06632989,-0.005290444,0.9966227,354.5365,7.661866,359.0256
2,1.074634,-0.01640836,1.899441,0.3970421,-0.04816843,0.06633457,-0.00525996,0.9966202,354.5306,7.662323,359.0287
2,1.087004,-0.01642177,1.899471,0.3970352,-0.04827106,0.06633932,-0.005294909,0.9966148,354.5192,7.663239,359.0238
2,1.099406,-0.01643017,1.899507,0.397022,-0.04836495,0.066298,-0.005315759,0.9966128,354.5085,7.658752,359.0209
2,1.111847,-0.01644425,1.899536,0.3970036,-0.04844369,0.066283,-0.005228031,0.9966105,354.4988,7.656677,359.0305
2,1.124389,-0.01643198,1.899555,0.3969666,-0.04850371,0.06624676,-0.00514141,0.9966104,354.4913,7.652129,359.0402
2,1.137586,-0.01644402,1.899571,0.3969537,-0.04855426,0.06615896,-0.005162469,0.9966137,354.4856,7.642211,359.0378
2,1.157736,-0.01646825,1.899581,0.3969209,-0.048658,0.06614519,-0.005091339,0.9966099,354.4731,7.640409,359.0453
2,1.166039,-0.01648102,1.899609,0.3969091,-0.04878189,0.06611703,-0.005137892,0.9966055,354.4593,7.637634,359.0391
2,1.174549,-0.01648823,1.899626,0.3968938,-0.04887135,0.06615413,-0.005225507,0.9965982,354.4497,7.642547,359.0282
2,1.186643,-0.0164869,1.899615,0.3968492,-0.0488869,0.0662628,-0.005312025,0.9965897,354.4487,7.655579,359.0175
2,1.19952,-0.01648142,1.899632,0.3968368,-0.04884844,0.06634817,-0.00538263,0.9965855,354.4538,7.66574,359.0092
2,1.211836,-0.0164672,1.899672,0.3967754,-0.04892164,0.06645354,-0.005261084,0.9965757,354.4445,7.677337,359.022
2,1.224201,-0.01646069,1.899736,0.3967447,-0.0490903,0.06638019,-0.005076749,0.9965732,354.4238,7.668152,359.0423
2,1.23681,-0.01645706,1.899807,0.3967036,-0.04928216,0.06632491,-0.004879987,0.9965683,354.4002,7.661011,359.0637
2,1.249183,-0.01643625,1.899868,0.3966442,-0.04943294,0.06623811,-0.004675456,0.9965677,354.3813,7.650116,359.0864
2,1.261772,-0.01641805,1.899942,0.3965988,-0.04953083,0.06614887,-0.00455442,0.9965693,354.3691,7.639314,359.1001
2,1.274489,-0.01637888,1.899974,0.3965264,-0.04970016,0.06602556,-0.004470265,0.9965695,354.349,7.624908,359.1091
2,1.286702,-0.01635384,1.900025,0.3964787,-0.04982451,0.06597313,-0.004347573,0.9965672,354.3338,7.618378,359.1225
2,1.299815,-0.01630817,1.900079,0.3964456,-0.05000821,0.06585073,-0.004339135,0.9965661,354.3126,7.604522,359.1228
2,1.319973,-0.01626625,1.900059,0.3963672,-0.05017588,0.06581346,-0.004294946,0.9965604,354.293,7.60025,359.1268
2,1.32748,-0.01622302,1.900095,0.3963497,-0.05028131,0.0657962,-0.004238719,0.9965564,354.2805,7.598114,359.1325
2,1.33708,-0.01618414,1.900123,0.3963387,-0.05040162,0.06576305,-0.004210623,0.9965526,354.2665,7.594329,359.135
2,1.349462,-0.01619202,1.900083,0.3963164,-0.05056169,0.06577937,-0.004225451,0.9965434,354.2483,7.596558,359.132
2,1.361949,-0.01615103,1.90011,0.3963061,-0.05062838,0.06582647,-0.004286422,0.9965367,354.2411,7.602446,359.1242
2,1.374337,-0.01611892,1.900063,0.396327,-0.05073002,0.06586803,-0.004231052,0.996529,354.2291,7.607086,359.1295
2,1.387105,-0.01606913,1.900076,0.3963222,-0.05078214,0.06589185,-0.004269178,0.9965246,354.2235,7.610138,359.1246
2,1.399669,-0.01600979,1.900077,0.3962995,-0.05082887,0.06601384,-0.004172003,0.9965146,354.2175,7.623717,359.1346
2,1.412014,-0.01592953,1.900053,0.3962712,-0.050898,0.06597031,-0.004075521,0.9965143,354.2088,7.618256,359.1454
2,1.42469,-0.0158939,1.900086,0.3962578,-0.05110443,0.06597746,-0.004017184,0.9965035,354.1847,7.619079,359.1505
2,1.437189,-0.01584698,1.900082,0.3962225,-0.05131569,0.0659909,-0.003959151,0.996492,354.1601,7.620636,359.1555
2,1.450087,-0.01579053,1.900081,0.3962146,-0.05140579,0.06604097,-0.00409521,0.9964834,354.1509,7.627351,359.1388
2,1.470669,-0.01574011,1.900079,0.3961988,-0.05141072,0.06611674,-0.004092417,0.9964782,354.1504,7.636078,359.1387
2,1.477696,-0.01570201,1.900099,0.3961776,-0.05142437,0.066127,-0.004006233,0.9964772,354.1482,7.636779,359.1484
2,1.487272,-0.01567274,1.900131,0.3961462,-0.05149435,0.06609993,-0.003967186,0.9964755,354.1398,7.633546,359.1525
2,1.499656,-0.01564038,1.900172,0.3961103,-0.05162341,0.06598235,-0.00385408,0.9964771,354.1241,7.619537,359.1652
2,1.512013,-0.01562025,1.90021,0.3960831,-0.0517861,0.06587631,-0.003843342,0.9964757,354.1053,7.607513,359.1658
2,1.524636,-0.01560765,1.900236,0.3960712,-0.05188652,0.06582492,-0.003744037,0.9964742,354.093,7.601166,359.1767
2,1.536946,-0.01559094,1.900244,0.3960355,-0.05197093,0.06577142,-0.003633795,0.9964737,354.0825,7.594483,359.189
2,1.549471,-0.01560451,1.900247,0.3959922,-0.05197795,0.06564736,-0.003666656,0.9964815,354.0818,7.580383,359.1859
2,1.562241,-0.01558674,1.900256,0.3959637,-0.05207211,0.06565306,-0.003617674,0.9964764,354.0706,7.580902,359.1908
2,1.574488,-0.01556413,1.900265,0.3959513,-0.05218639,0.06560162,-0.003619342,0.9964737,354.0575,7.575167,359.19
2,1.587169,-0.01557397,1.900297,0.3959046,-0.05224619,0.0655815,-0.00365969,0.9964718,354.051,7.573182,359.1851
2,1.600568,-0.01555873,1.900326,0.3958829,-0.05239673,0.06554558,-0.003673836,0.9964662,354.0338,7.569367,359.1825
2,1.62052,-0.01554748,1.9003,0.3958165,-0.05254002,0.06551564,-0.003610112,0.9964609,354.0169,7.565766,359.1889
2,1.628346,-0.01553651,1.900322,0.3958029,-0.05263023,0.06552332,-0.003667196,0.9964554,354.007,7.567138,359.1816
2,1.636964,-0.01552637,1.900346,0.3957945,-0.05269749,0.06550844,-0.00362492,0.996453,353.999,7.565277,359.186
2,1.649339,-0.01549793,1.900331,0.3957059,-0.05285828,0.0655262,-0.003550381,0.9964435,353.98,7.567139,359.1932
2,1.66191,-0.01549854,1.900356,0.3956827,-0.05297134,0.06556281,-0.00351326,0.9964352,353.9668,7.57132,359.1964
2,1.674666,-0.01547596,1.900407,0.3956108,-0.05307642,0.06554138,-0.003444766,0.9964314,353.9543,7.568603,359.2036
2,1.686835,-0.01548469,1.900426,0.3955824,-0.05319688,0.06549,-0.003413482,0.9964284,353.9402,7.562683,359.2066
2,1.700361,-0.01550499,1.900459,0.3955418,-0.05328781,0.06544913,-0.003306063,0.9964265,353.9289,7.557466,359.2184
2,1.712281,-0.01552838,1.900519,0.3955075,-0.05334912,0.06532114,-0.003243114,0.9964318,353.9213,7.54242,359.226
2,1.724694,-0.01555566,1.900549,0.3954803,-0.05339518,0.06527589,-0.003200813,0.9964325,353.9157,7.537018,359.2308
2,1.738007,-0.01561239,1.900564,0.395442,-0.05346857,0.06520664,-0.003170111,0.9964331,353.907,7.528961,359.2342
2,1.749581,-0.01564948,1.900578,0.3954331,-0.05348033,0.06512502,-0.003179401,0.9964379,353.9057,7.519623,359.2335
2,1.762525,-0.01568539,1.900589,0.3954184,-0.053472,0.06511231,-0.003166598,0.9964392,353.9065,7.518067,359.2351
2,1.783347,-0.01573287,1.900546,0.395345,-0.05355087,0.06513122,-0.003133923,0.9964337,353.8972,7.520174,359.2381
2,1.790977,-0.01577128,1.900566,0.3953414,-0.0535739,0.06506513,-0.003131645,0.9964369,353.8946,7.512573,359.2386
2,1.799965,-0.01582089,1.900583,0.395335,-0.05361743,0.06503013,-0.00309684,0.9964369,353.8893,7.508393,359.2425
2,1.811759,-0.01586663,1.900571,0.3953252,-0.05357876,0.06500351,-0.00308466,0.9964408,353.8936,7.505188,359.2444
2,1.82474,-0.01590523,1.900571,0.3953372,-0.05358004,0.06497683,-0.003048653,0.9964426,353.8932,7.501893,359.2487
2,1.837087,-0.01592843,1.90056,0.3953487,-0.05356348,0.06493362,-0.003044215,0.9964463,353.895,7.496857,359.2496
2,1.849869,-0.01597449,1.900558,0.3953759,-0.05353444,0.06495546,-0.003014045,0.9964466,353.8981,7.499146,359.2531
2,1.862195,-0.01601275,1.900561,0.3954115,-0.05350017,0.0650189,-0.003089062,0.996444,353.9026,7.506867,359.2444
2,1.874801,-0.01604801,1.900564,0.3954765,-0.05347645,0.06506355,-0.003126558,0.9964423,353.9057,7.512208,359.24
2,1.887349,-0.01608929,1.900573,0.3955068,-0.05340022,0.06515589,-0.003086492,0.9964404,353.9142,7.522493,359.2446
2,1.899781,-0.01612764,1.900578,0.3955433,-0.0533579,0.06514515,-0.003115343,0.9964433,353.9192,7.521363,359.2417
2,1.91265,-0.01616156,1.900574,0.395573,-0.05339172,0.06512529,-0.003167206,0.9964426,353.9157,7.519442,359.2356
2,1.933259,-0.01623972,1.900571,0.3956495,-0.05334476,0.06506442,-0.003134085,0.9964492,353.9208,7.512146,359.2401
2,1.942044,-0.01628405,1.900571,0.3956798,-0.05339905,0.06507518,-0.003222212,0.9964454,353.9153,7.514008,359.2295
2,1.949988,-0.01633618,1.900566,0.3957134,-0.05335437,0.06498983,-0.003226408,0.9964533,353.9203,7.50412,359.2299
2,1.96248,-0.01638789,1.900579,0.3957442,-0.05332922,0.06494129,-0.003229953,0.9964578,353.9232,7.498504,359.23
2,1.974815,-0.01644129,1.900594,0.3957648,-0.05328662,0.0649147,-0.003223493,0.9964618,353.928,7.495331,359.2312
2,1.986807,-0.01649303,1.900568,0.3957723,-0.05323487,0.06486797,-0.003199437,0.9964677,353.9337,7.489716,359.2346
2,1.999785,-0.01655176,1.900575,0.3958069,-0.0532106,0.06479177,-0.003215569,0.996474,353.9366,7.480988,359.2334
2,2.012635,-0.0165814,1.900543,0.3958197,-0.05306904,0.06476111,-0.003130213,0.9964837,353.9521,7.476716,359.2445
2,2.024554,-0.01663027,1.900541,0.3958428,-0.0530038,0.06469569,-0.003127769,0.9964914,353.9595,7.469056,359.2457
2,2.037016,-0.01668645,1.900547,0.3958626,-0.052944,0.06470314,-0.003066374,0.9964944,353.9659,7.469452,359.2531
2,2.049666,-0.01672925,1.900502,0.3958682,-0.0528929,0.0646597,-0.003136055,0.9964997,353.9723,7.464784,359.2458
2,2.062712,-0.01678035,1.900509,0.3959008,-0.05283004,0.06466488,-0.003159449,0.9965026,353.9796,7.465425,359.2436
2,2.084366,-0.0168054,1.90055,0.3959064,-0.05283524,0.06464235,-0.003245001,0.9965035,353.9797,7.463349,359.2338
2,2.091917,-0.01685971,1.90056,0.3959227,-0.05288634,0.064605,-0.003267867,0.9965031,353.9739,7.45926,359.231
2,2.099629,-0.01690545,1.900567,0.3959371,-0.05286088,0.06453076,-0.003393867,0.9965089,353.9778,7.451417,359.2172
2,2.111809,-0.01694328,1.900637,0.3959235,-0.05264172,0.06455301,-0.003415255,0.996519,354.003,7.453766,359.2163
2,2.124269,-0.01698634,1.900656,0.3959211,-0.05258887,0.06447779,-0.003425077,0.9965265,354.0091,7.445068,359.216
2,2.138373,-0.01702548,1.900704,0.3958966,-0.05260535,0.06439642,-0.003356884,0.9965312,354.0066,7.435304,359.2242
2,2.149269,-0.01706977,1.900738,0.395799,-0.05280954,0.06416047,-0.003189095,0.9965362,353.9818,7.407409,359.2433
2,2.161939,-0.0170914,1.900814,0.3957551,-0.05310505,0.06391245,-0.00306867,0.9965368,353.9469,7.37854,359.2565
2,2.174431,-0.01712199,1.90078,0.3956354,-0.05349429,0.06368436,-0.00287439,0.9965311,353.9007,7.351654,359.2773
2,2.187598,-0.01712894,1.90087,0.3955552,-0.05392634,0.06335084,-0.002739361,0.9965295,353.85,7.31302,359.2916
2,2.199742,-0.01714369,1.901047,0.395383,-0.05490768,0.06275833,-0.00253235,0.996514,353.7357,7.244873,359.3118
2,2.211959,-0.01718562,1.901205,0.3951865,-0.05658222,0.06183264,-0.00231729,0.9964787,353.5417,7.139222,359.3302
2,2.224734,-0.01721349,1.901567,0.3949003,-0.05893661,0.06060053,-0.001984853,0.9964187,353.2689,6.998353,359.3597
2,2.245284,-0.01726423,1.901991,0.3945743,-0.06181007,0.05893209,-0.001468364,0.9963455,352.935,6.806396,359.4105
2,2.253492,-0.01728219,1.902687,0.3940639,-0.06607293,0.05669181,-0.0006907724,0.9962028,352.4399,6.548003,359.4875
2,2.262125,-0.01727828,1.903527,0.3934822,-0.07101233,0.05384749,0.0003333648,0.9960209,351.8656,6.217834,359.5958
2,2.274218,-0.017204,1.904286,0.3928977,-0.07547179,0.05104886,0.00132382,0.9958395,351.347,5.891297,359.7062
2,2.286813,-0.01707137,1.905136,0.3922783,-0.07996792,0.04823845,0.002425894,0.9956266,350.8239,5.561096,359.8326
2,2.299684,-0.01687827,1.90593,0.3916699,-0.08425474,0.04571213,0.003633277,0.9953886,350.3247,5.261108,359.9727
2,2.311757,-0.0165377,1.906823,0.3909674,0.08859631,-0.04293319,-0.004919264,-0.9951298,349.8194,4.929474,0.1270874
2,2.324335,-0.01627836,1.907501,0.3903696,0.09216818,-0.04084525,-0.006033979,-0.9948871,349.4038,4.677734,0.2609636
2,2.337032,-0.01596979,1.908229,0.3897888,0.0957681,-0.03864634,-0.00720216,-0.9946271,348.9851,4.411255,0.4042089
2,2.349553,-0.01557232,1.909031,0.3890825,0.09992278,-0.03642635,-0.00863883,-0.9942907,348.502,4.137969,0.5788177
2,2.36216,-0.01522758,1.909713,0.3885131,0.1035689,-0.0345645,-0.009787453,-0.9939734,348.0788,3.90802,0.7201347
2,2.374829,-0.01486672,1.910367,0.3879641,0.1069448,-0.03292346,-0.01105839,-0.9936582,347.6865,3.700958,0.8758681
2,2.395165,-0.01442217,1.91105,0.3873813,0.1101173,-0.03156004,-0.01240015,-0.9933401,347.3174,3.524109,1.038645
2,2.402833,-0.01393899,1.911826,0.3868661,0.1134605,-0.03086318,-0.01284966,-0.9929799,346.9312,3.435761,1.089128
2,2.412066,-0.01339939,1.912404,0.3863763,0.1165541,-0.02971049,-0.01387819,-0.9926429,346.5723,3.285736,1.215112
2,2.42468,-0.01297281,1.912847,0.3859935,0.1188746,-0.02914093,-0.01519844,-0.9923652,346.3011,3.199402,1.37047
2,2.436989,-0.012455,1.913246,0.3856429,0.1208382,-0.02853155,-0.0165468,-0.9921242,346.0711,3.107452,1.531318
2,2.449697,-0.01181457,1.913584,0.3852176,0.1225615,-0.02813119,-0.01760524,-0.9919059,345.8696,3.043731,1.656334
2,2.462122,-0.01134402,1.913872,0.3849521,0.1241757,-0.02804911,-0.01867125,-0.991688,345.6802,3.016877,1.778184
2,2.474829,-0.01082343,1.914149,0.3846292,0.1257269,-0.02794556,-0.01962461,-0.991477,345.4984,2.98883,1.887495
2,2.48709,-0.01033576,1.914388,0.384401,0.1270674,-0.02800545,-0.02049518,-0.9912868,345.3409,2.98114,1.985338
2,2.49957,-0.009795751,1.914638,0.3841587,0.1285505,-0.02828098,-0.02140641,-0.9910685,345.1662,2.997711,2.084395
2,2.512203,-0.009256356,1.914812,0.3839094,0.1297513,-0.0285749,-0.02212575,-0.9908878,345.0247,3.019531,2.161358
2,2.525266,-0.008776942,1.914927,0.3837492,0.1306813,-0.0289531,-0.02297969,-0.9907351,344.9138,3.049408,2.253538
2,2.546213,-0.008204631,1.914975,0.383545,0.1313372,-0.02950136,-0.02397605,-0.9906086,344.8336,3.097351,2.360512
2,2.553022,-0.007716998,1.915046,0.3834317,0.1316525,-0.03020068,-0.02464895,-0.9905292,344.7934,3.168609,2.427907
2,2.562517,-0.007292417,1.915109,0.3833576,0.1319533,-0.03099742,-0.02518343,-0.990451,344.7549,3.25351,2.477476
2,2.574688,-0.006834141,1.915157,0.3832204,0.1323494,-0.03185585,-0.02575503,-0.9903563,344.7051,3.344909,2.530126
2,2.588284,-0.006399255,1.915227,0.3831303,0.1326627,-0.03270259,-0.02634382,-0.9902713,344.6647,3.434783,2.585155
2,2.599723,-0.005906093,1.915309,0.3830315,0.1330413,-0.0336188,-0.02701275,-0.9901718,344.6162,3.531433,2.648273
2,2.612001,-0.005485672,1.915334,0.382939,0.1335305,-0.03432199,-0.02760684,-0.9900653,344.5556,3.603943,2.705575
2,2.624519,-0.005082976,1.915406,0.3828275,0.1338945,-0.03499525,-0.02819678,-0.989976,344.5095,3.673187,2.763191
2,2.637093,-0.004695651,1.915459,0.3827477,0.134337,-0.03558362,-0.02877193,-0.9898786,344.4546,3.732482,2.820142
2,2.650141,-0.004227257,1.915541,0.3826069,0.1347752,-0.03630362,-0.02939182,-0.9897746,344.3995,3.806549,2.880212
2,2.66204,-0.003836923,1.915599,0.3824805,0.135158,-0.03687902,-0.02989769,-0.9896861,344.3516,3.865479,2.929309
2,2.674661,-0.00345947,1.915645,0.3823571,0.1355153,-0.03736758,-0.03032884,-0.9896057,344.3072,3.915405,2.971052
2,2.687419,-0.003025347,1.91573,0.3821868,0.1360411,-0.03778398,-0.03081438,-0.9895027,344.2432,3.955566,3.019801
2,2.708456,-0.00267355,1.915827,0.3820141,0.1365778,-0.03801201,-0.03122251,-0.9894073,344.1788,3.974701,3.06244
2,2.715691,-0.002326703,1.91593,0.3818186,0.1372785,-0.03801911,-0.03178199,-0.9892923,344.0956,3.964874,3.126029
2,2.724862,-0.001967072,1.916066,0.3816245,0.137959,-0.03793132,-0.03219622,-0.9891875,344.0155,3.946197,3.174155
2,2.737117,-0.001656473,1.916186,0.3814186,0.1387401,-0.0378042,-0.03259179,-0.9890702,343.924,3.922882,3.22046
2,2.749477,-0.001304674,1.916328,0.3811947,0.1395206,-0.03760558,-0.03302831,-0.9889535,343.8327,3.89035,3.272866
2,2.762701,-0.001008967,1.916459,0.3809867,0.1400807,-0.03736714,-0.03331723,-0.9888737,343.7676,3.856018,3.309262
2,2.774973,-0.0007240821,1.916592,0.3807814,0.140683,-0.03711049,-0.03366096,-0.9887861,343.6975,3.818451,3.352371
2,2.78712,-0.0004900303,1.91669,0.3805979,0.1412479,-0.03688463,-0.03408412,-0.9886996,343.6313,3.783203,3.404522
2,2.799613,-0.0001981484,1.916857,0.3803731,0.1420309,-0.03653524,-0.03454613,-0.9885843,343.5402,3.732056,3.462805
2,2.812134,4.371953E-05,1.91699,0.380222,0.1427449,-0.03616542,-0.0348977,-0.9884827,343.4576,3.680451,3.508684
2,2.824947,0.0002731186,1.917126,0.3800334,0.1434853,-0.03587119,-0.03517684,-0.9883764,343.3719,3.638885,3.544711
2,2.837533,0.0005305555,1.917281,0.3798423,0.1441754,-0.03551463,-0.03555125,-0.9882754,343.2919,3.588348,3.593319
2,2.86189,0.0007679227,1.91736,0.3796965,0.1447692,-0.03524695,-0.03584286,-0.9881876,343.2231,3.549958,3.630922
2,2.869783,0.0009606486,1.917475,0.3795169,0.1453352,-0.03501549,-0.03612271,-0.9881026,343.1575,3.516083,3.666631
2,2.877076,0.0011927,1.917564,0.3792819,0.1458832,-0.03474045,-0.03644537,-0.9880197,343.094,3.476288,3.70828
2,2.888242,0.001355191,1.917652,0.3791328,0.1463586,-0.03448379,-0.03673576,-0.9879476,343.0389,3.439392,3.746022
2,2.900819,0.001498871,1.917727,0.3790052,0.1468008,-0.03431896,-0.03700602,-0.9878777,342.9874,3.413788,3.779882
2,2.913157,0.001660917,1.917824,0.3788226,0.1472207,-0.03420198,-0.03722777,-0.9878108,342.9384,3.394746,3.807228
2,2.925363,0.0018036,1.917906,0.3786945,0.1477197,-0.03409388,-0.03751248,-0.9877294,342.8801,3.375366,3.841718
2,2.93796,0.001900854,1.917978,0.3785516,0.1480845,-0.03405102,-0.03776059,-0.9876668,342.8372,3.364746,3.871049
2,2.950533,0.001997701,1.918045,0.3784778,0.1483982,-0.03399061,-0.03801921,-0.9876118,342.8002,3.35199,3.902076
2,2.962558,0.002085148,1.918096,0.3784168,0.1487124,-0.0340505,-0.03820276,-0.9875554,342.763,3.354828,3.922049
2,2.974916,0.002164217,1.918106,0.3783165,0.148963,-0.03414489,-0.0384036,-0.9875066,342.7329,3.361634,3.943603
2,2.987909,0.002264763,1.918146,0.3782708,0.1491734,-0.03430868,-0.0386765,-0.9874586,342.7069,3.375488,3.972554
2,3.008343,0.00234174,1.918156,0.3782527,0.1493371,-0.03445352,-0.03893055,-0.9874188,342.6866,3.387573,3.999714
2,3.016107,0.002398197,1.918185,0.3782053,0.1495103,-0.03466171,-0.03922179,-0.9873738,342.6646,3.406463,4.030123
2,3.024738,0.002458141,1.918221,0.3781886,0.1497193,-0.03487815,-0.0393479,-0.9873294,342.6391,3.429199,4.04069
2,3.037135,0.002521772,1.918256,0.3781462,0.1499517,-0.03497608,-0.03952875,-0.9872835,342.6112,3.436798,4.059839
2,3.04973,0.002593271,1.918276,0.3781366,0.1500936,-0.03518874,-0.03958795,-0.987252,342.5937,3.460511,4.062675
2,3.062174,0.002648296,1.918287,0.378132,0.150112,-0.03542441,-0.03977741,-0.987233,342.5899,3.484985,4.080853
2,3.074626,0.002742378,1.918281,0.3781338,0.1500448,-0.035619,-0.03996392,-0.9872288,342.5962,3.504914,4.099629
2,3.087129,0.002800792,1.918305,0.3781311,0.1500543,-0.03575803,-0.04029122,-0.987209,342.5934,3.515442,4.13595
2,3.099658,0.002866975,1.918335,0.378133,0.1500757,-0.03581601,-0.04059404,-0.9871913,342.5896,3.516754,4.170805
2,3.112062,0.002931081,1.918347,0.3781504,0.1500771,-0.03585689,-0.04082224,-0.9871802,342.5884,3.517456,4.197158
2,3.124437,0.002999618,1.918329,0.3781803,0.1500368,-0.03599385,-0.04098717,-0.9871745,342.5919,3.530854,4.214355
2,3.137267,0.003064576,1.918315,0.378221,0.1500134,-0.0361357,-0.04109517,-0.9871684,342.5936,3.545807,4.224663
2,3.150216,0.003125725,1.918312,0.3782477,0.14997,-0.03625512,-0.04112761,-0.9871692,342.598,3.55954,4.226454
2,3.17212,0.003197214,1.918299,0.3782902,0.1500013,-0.03631479,-0.0411186,-0.9871626,342.5942,3.566681,4.224225
2,3.179395,0.003270928,1.918302,0.3783303,0.1499388,-0.036398,-0.04113292,-0.9871685,342.601,3.576508,4.224568
2,3.186975,0.003335955,1.91832,0.3783379,0.149886,-0.03640058,-0.04119817,-0.9871737,342.6069,3.575806,4.232399
2,3.199423,0.003407576,1.918319,0.3783579,0.1498758,-0.03640792,-0.04127164,-0.9871719,342.6078,3.575379,4.241015
2,3.211906,0.003432103,1.918326,0.3783941,0.1498276,-0.03636639,-0.04125617,-0.9871814,342.6136,3.570892,4.240048
2,3.224179,0.003492411,1.918316,0.3784178,0.1498135,-0.03634578,-0.04131068,-0.987182,342.6151,3.567505,4.24693
2,3.237005,0.003546485,1.918321,0.3784245,0.1496529,-0.03640748,-0.04130341,-0.9872044,342.6335,3.5755,4.245341
2,3.249373,0.003566534,1.918362,0.3784718,0.1495627,-0.03636048,-0.04135934,-0.9872174,342.6439,3.569214,4.253053
2,3.261992,0.003614954,1.918367,0.3784664,0.1494585,-0.03641424,-0.04138565,-0.9872302,342.6556,3.57547,4.255459
2,3.274635,0.003638896,1.918378,0.3784769,0.1495118,-0.03636155,-0.04144167,-0.9872217,342.6495,3.568024,4.262932
2,3.286978,0.003665065,1.918416,0.3784682,0.1496411,-0.03629452,-0.04149722,-0.9872022,342.6346,3.558624,4.270425
2,3.299619,0.003696056,1.918445,0.3784469,0.1498363,-0.03618884,-0.04159854,-0.9871722,342.6121,3.543579,4.283899
2,3.312134,0.003702855,1.918394,0.3784178,0.1499081,-0.03618728,-0.0415445,-0.9871637,342.604,3.544128,4.277338
2,3.333059,0.003710531,1.918389,0.3784042,0.149853,-0.03630786,-0.04152451,-0.9871685,342.6099,3.55899,4.272912
2,3.340377,0.003717376,1.91839,0.3783921,0.1497681,-0.0363902,-0.04163681,-0.9871735,342.619,3.567017,4.284959
2,3.349535,0.003684479,1.918364,0.3783556,0.149745,-0.03640487,-0.04181633,-0.9871689,342.6209,3.565582,4.306067
2,3.361883,0.003670749,1.918378,0.3783309,0.1497602,-0.03633615,-0.04194932,-0.9871635,342.619,3.554962,4.323065
2,3.374495,0.003631065,1.918364,0.3782897,0.1498928,-0.03630897,-0.04205739,-0.9871398,342.6034,3.549317,4.336073
2,3.387249,0.003610162,1.918362,0.3782735,0.1499148,-0.03626464,-0.04210121,-0.9871362,342.6009,3.543182,4.342028
2,3.399583,0.00358086,1.918341,0.3782605,0.1499525,-0.03622179,-0.04214159,-0.9871304,342.5966,3.537231,4.347511
2,3.411984,0.003535235,1.918323,0.3782219,0.1500087,-0.03625184,-0.04217095,-0.9871194,342.5898,3.54007,4.350319
2,3.42456,0.003514336,1.918307,0.3782149,0.1500059,-0.03633779,-0.04217201,-0.9871167,342.5898,3.550262,4.348892
2,3.437383,0.003483463,1.918308,0.378229,0.1498976,-0.03638591,-0.0421981,-0.9871302,342.602,3.555877,4.351376
2,3.449813,0.003444682,1.918272,0.3782189,0.1498278,-0.03641641,-0.04224956,-0.9871375,342.6097,3.558807,4.357101
2,3.462285,0.003414107,1.918252,0.3782192,0.149711,-0.03645251,-0.04232152,-0.9871507,342.6229,3.562195,4.365272
2,3.488743,0.00341471,1.918269,0.3782397,0.149693,-0.03659048,-0.04244044,-0.9871433,342.6239,3.576477,4.376937
2,3.49647,0.0033801,1.918257,0.3782571,0.1496533,-0.0366238,-0.04249959,-0.9871456,342.6281,3.579498,4.383452
2,3.503492,0.003358787,1.91824,0.3782843,0.1496857,-0.03660715,-0.0424803,-0.9871421,342.6245,3.577759,4.381386
2,3.512767,0.003337964,1.918246,0.3783004,0.1496458,-0.03668611,-0.04247472,-0.9871454,342.6288,3.587372,4.379389
2,3.526008,0.00335507,1.918295,0.3783423,0.1496935,-0.03676741,-0.04244384,-0.9871365,342.623,3.597412,4.374135
